2016 rank,City,State[5],2016 estimate,2010 Census,Change,2016 land area,2016 population density,Location
1,New York[6],New York,"8,537,673","8,175,133",+4.43%,301.5sqmi,780.9km2,"28,317/sqmi","10,933/km2",403949N 735619W / 40.6635N 73.9387W
2,Los Angeles,California,"3,976,322","3,792,621",+4.84%,468.7sqmi,"1,213.9km2","8,484/sqmi","3,276/km2",340110N 1182439W / 34.0194N 118.4108W
3,Chicago,Illinois,"2,704,958","2,695,598",+0.35%,227.3sqmi,588.7km2,"11,900/sqmi","4,600/km2",415015N 874054W / 41.8376N 87.6818W
4,Houston[7],Texas,"2,303,482","2,100,263",+9.68%,637.5sqmi,"1,651.1km2","3,613/sqmi","1,395/km2",294712N 952327W / 29.7866N 95.3909W
5,Phoenix,Arizona,"1,615,017","1,445,632",+11.72%,517.6sqmi,"1,340.6km2","3,120/sqmi","1,200/km2",333420N 1120524W / 33.5722N 112.0901W
6,Philadelphia[8],Pennsylvania,"1,567,872","1,526,006",+2.74%,134.2sqmi,347.6km2,"11,683/sqmi","4,511/km2",400034N 750800W / 40.0094N 75.1333W
7,San Antonio,Texas,"1,492,510","1,327,407",+12.44%,461.0sqmi,"1,194.0km2","3,238/sqmi","1,250/km2",292821N 983130W / 29.4724N 98.5251W
8,San Diego,California,"1,406,630","1,307,402",+7.59%,325.2sqmi,842.3km2,"4,325/sqmi","1,670/km2",324855N 1170806W / 32.8153N 117.1350W
9,Dallas,Texas,"1,317,929","1,197,816",+10.03%,340.9sqmi,882.9km2,"3,866/sqmi","1,493/km2",324736N 964559W / 32.7933N 96.7665W
10,San Jose,California,"1,025,350","945,942",+8.39%,177.5sqmi,459.7km2,"5,777/sqmi","2,231/km2",371748N 1214908W / 37.2967N 121.8189W
11,Austin,Texas,"947,890","790,390",+19.93%,312.7sqmi,809.9km2,"3,031/sqmi","1,170/km2",301814N 974516W / 30.3039N 97.7544W
12,Jacksonville[9],Florida,"880,619","821,784",+7.16%,747.4sqmi,"1,935.8km2","1,178/sqmi",455/km2,302013N 813942W / 30.3369N 81.6616W
13,San Francisco[10],California,"870,887","805,235",+8.15%,46.9sqmi,121.5km2,"18,569/sqmi","7,170/km2",374338N 1230156W / 37.7272N 123.0322W
14,Columbus,Ohio,"860,090","787,033",+9.28%,218.5sqmi,565.9km2,"3,936/sqmi","1,520/km2",395907N 825905W / 39.9852N 82.9848W
15,Indianapolis[11],Indiana,"855,164","820,445",+4.23%,361.5sqmi,936.3km2,"2,366/sqmi",914/km2,394636N 860845W / 39.7767N 86.1459W
16,Fort Worth,Texas,"854,113","741,206",+15.23%,342.9sqmi,888.1km2,"2,491/sqmi",962/km2,324653N 972048W / 32.7815N 97.3467W
17,Charlotte,North Carolina,"842,051","731,424",+15.12%,305.4sqmi,791.0km2,"2,757/sqmi","1,064/km2",351228N 804952W / 35.2078N 80.8310W
18,Seattle,Washington,"704,352","608,660",+15.72%,83.8sqmi,217.0km2,"8,405/sqmi","3,245/km2",473714N 1222103W / 47.6205N 122.3509W
19,Denver[12],Colorado,"693,060","600,158",+15.48%,153.3sqmi,397.0km2,"4,521/sqmi","1,746/km2",394543N 1045252W / 39.7619N 104.8811W
20,El Paso,Texas,"683,080","649,121",+5.23%,256.8sqmi,665.1km2,"2,660/sqmi","1,030/km2",315054N 1062537W / 31.8484N 106.4270W
21,Washington[13],District of Columbia,"681,170","601,723",+13.20%,61.1sqmi,158.2km2,"11,148/sqmi","4,304/km2",385415N 770102W / 38.9041N 77.0172W
22,Boston,Massachusetts,"673,184","617,594",+9.00%,48.3sqmi,125.1km2,"13,938/sqmi","5,381/km2",421955N 710113W / 42.3320N 71.0202W
23,Detroit,Michigan,"672,795","713,777",5.74%,138.8sqmi,359.5km2,"4,847/sqmi","1,871/km2",422259N 830608W / 42.3830N 83.1022W
24,Nashville[14],Tennessee,"660,388","601,222",+9.84%,475.9sqmi,"1,232.6km2","1,388/sqmi",536/km2,361018N 864706W / 36.1718N 86.7850W
25,Memphis,Tennessee,"652,717","646,889",+0.90%,317.4sqmi,822.1km2,"2,056/sqmi",794/km2,350610N 895839W / 35.1028N 89.9774W
26,Portland,Oregon,"639,863","583,776",+9.61%,133.5sqmi,345.8km2,"4,793/sqmi","1,851/km2",453213N 1223900W / 45.5370N 122.6500W
27,Oklahoma City,Oklahoma,"638,367","579,999",+10.06%,606.3sqmi,"1,570.3km2","1,053/sqmi",407/km2,352802N 973049W / 35.4671N 97.5137W
28,Las Vegas,Nevada,"632,912","583,756",+8.42%,134.4sqmi,348.1km2,"4,709/sqmi","1,818/km2",361345N 1151536W / 36.2292N 115.2601W
29,Louisville[15],Kentucky,"616,261","597,337",+3.17%,263.5sqmi,682.5km2,"2,339/sqmi",903/km2,380955N 853851W / 38.1654N 85.6474W
30,Baltimore[16],Maryland,"614,664","620,961",1.01%,80.9sqmi,209.5km2,"7,598/sqmi","2,934/km2",391800N 763638W / 39.3000N 76.6105W
31,Milwaukee,Wisconsin,"595,047","594,833",+0.04%,96.2sqmi,249.2km2,"6,186/sqmi","2,388/km2",430348N 875800W / 43.0633N 87.9667W
32,Albuquerque,New Mexico,"559,277","545,852",+2.46%,188.2sqmi,487.4km2,"2,972/sqmi","1,147/km2",350620N 1063851W / 35.1056N 106.6474W
33,Tucson,Arizona,"530,706","520,116",+2.04%,230.8sqmi,597.8km2,"2,299/sqmi",888/km2,320911N 1105214W / 32.1531N 110.8706W
34,Fresno,California,"522,053","494,665",+5.54%,114.4sqmi,296.3km2,"4,563/sqmi","1,762/km2",364701N 1194736W / 36.7836N 119.7934W
35,Sacramento,California,"495,234","466,488",+6.16%,97.9sqmi,253.6km2,"5,059/sqmi","1,953/km2",383400N 1212807W / 38.5666N 121.4686W
36,Mesa,Arizona,"484,587","439,041",+10.37%,137.9sqmi,357.2km2,"3,514/sqmi","1,357/km2",332407N 1114303W / 33.4019N 111.7174W
37,Kansas City,Missouri,"481,420","459,787",+4.71%,315.0sqmi,815.8km2,"1,528/sqmi",590/km2,390730N 943304W / 39.1251N 94.5510W
38,Atlanta,Georgia,"472,522","420,003",+12.50%,133.5sqmi,345.8km2,"3,539/sqmi","1,366/km2",334546N 842522W / 33.7629N 84.4227W
39,Long Beach,California,"470,130","462,257",+1.70%,50.3sqmi,130.3km2,"9,347/sqmi","3,609/km2",334833N 1180919W / 33.8092N 118.1553W
40,Colorado Springs,Colorado,"465,101","416,427",+11.69%,195.6sqmi,506.6km2,"2,378/sqmi",918/km2,385202N 1044539W / 38.8673N 104.7607W
41,Raleigh,North Carolina,"458,880","403,892",+13.61%,145.1sqmi,375.8km2,"3,163/sqmi","1,221/km2",354950N 783830W / 35.8306N 78.6418W
42,Miami,Florida,"453,579","399,457",+13.55%,36.0sqmi,93.2km2,"12,599/sqmi","4,865/km2",254631N 801231W / 25.7752N 80.2086W
43,Virginia Beach[16],Virginia,"452,602","437,994",+3.34%,244.7sqmi,633.8km2,"1,850/sqmi",710/km2,364648N 760131W / 36.7800N 76.0252W
44,Omaha,Nebraska,"446,970","408,958",+9.29%,133.2sqmi,345.0km2,"3,356/sqmi","1,296/km2",411552N 960242W / 41.2644N 96.0451W
45,Oakland,California,"420,005","390,724",+7.49%,55.9sqmi,144.8km2,"7,514/sqmi","2,901/km2",374611N 1221333W / 37.7698N 122.2257W
46,Minneapolis,Minnesota,"413,651","382,578",+8.12%,54.0sqmi,139.9km2,"7,660/sqmi","2,960/km2",445748N 931606W / 44.9633N 93.2683W
47,Tulsa,Oklahoma,"403,090","391,906",+2.85%,196.8sqmi,509.7km2,"2,048/sqmi",791/km2,360740N 955408W / 36.1279N 95.9023W
48,Arlington,Texas,"392,772","365,438",+7.48%,95.8sqmi,248.1km2,"4,100/sqmi","1,600/km2",324203N 970729W / 32.7007N 97.1247W
49,New Orleans[17],Louisiana,"391,495","343,829",+13.86%,169.4sqmi,438.7km2,"2,311/sqmi",892/km2,300312N 895604W / 30.0534N 89.9345W
50,Wichita,Kansas,"389,902","382,368",+1.97%,160.4sqmi,415.4km2,"2,431/sqmi",939/km2,374127N 972045W / 37.6907N 97.3459W
51,Cleveland,Ohio,"385,809","396,815",2.77%,77.7sqmi,201.2km2,"4,965/sqmi","1,917/km2",412843N 814046W / 41.4785N 81.6794W
52,Tampa,Florida,"377,165","335,709",+12.35%,113.4sqmi,293.7km2,"3,326/sqmi","1,284/km2",275812N 822847W / 27.9701N 82.4797W
53,Bakersfield,California,"376,380","347,483",+8.32%,148.8sqmi,385.4km2,"2,529/sqmi",976/km2,351916N 1190106W / 35.3212N 119.0183W
54,Aurora,Colorado,"361,710","325,078",+11.27%,153.5sqmi,397.6km2,"2,356/sqmi",910/km2,394117N 1044123W / 39.6880N 104.6897W
55,Honolulu[2],Hawaii,"351,792","337,256",+4.31%,60.5sqmi,156.7km2,"5,815/sqmi","2,245/km2",211927N 1575051W / 21.3243N 157.8476W
56,Anaheim,California,"351,043","336,265",+4.39%,50.0sqmi,129.5km2,"7,021/sqmi","2,711/km2",335120N 1174536W / 33.8555N 117.7601W
57,Santa Ana,California,"334,217","324,528",+2.99%,27.1sqmi,70.2km2,"12,333/sqmi","4,762/km2",334411N 1175259W / 33.7363N 117.8830W
58,Corpus Christi,Texas,"325,733","305,215",+6.72%,174.6sqmi,452.2km2,"1,866/sqmi",720/km2,274515N 971024W / 27.7543N 97.1734W
59,Riverside,California,"324,722","303,871",+6.86%,81.2sqmi,210.3km2,"3,999/sqmi","1,544/km2",335617N 1172336W / 33.9381N 117.3932W
60,Lexington[18],Kentucky,"318,449","295,803",+7.66%,283.6sqmi,734.5km2,"1,123/sqmi",434/km2,380227N 842730W / 38.0407N 84.4583W
61,St. Louis[16],Missouri,"311,404","319,294",2.47%,62.0sqmi,160.6km2,"5,023/sqmi","1,939/km2",383809N 901441W / 38.6357N 90.2446W
62,Stockton,California,"307,072","291,707",+5.27%,61.7sqmi,159.8km2,"4,977/sqmi","1,922/km2",375835N 1211848W / 37.9763N 121.3133W
63,Pittsburgh,Pennsylvania,"303,625","305,704",0.68%,55.4sqmi,143.5km2,"5,481/sqmi","2,116/km2",402623N 795836W / 40.4398N 79.9766W
64,Saint Paul,Minnesota,"302,398","285,068",+6.08%,52.0sqmi,134.7km2,"5,815/sqmi","2,245/km2",445656N 930615W / 44.9489N 93.1041W
65,Cincinnati,Ohio,"298,800","296,943",+0.63%,77.4sqmi,200.5km2,"3,860/sqmi","1,490/km2",390825N 843021W / 39.1402N 84.5058W
66,Anchorage[19],Alaska,"298,192","291,826",+2.18%,"1,706.6sqmi","4,420.1km2",175/sqmi,68/km2,611027N 1491703W / 61.1743N 149.2843W
67,Henderson,Nevada,"292,969","257,729",+13.67%,104.7sqmi,271.2km2,"2,798/sqmi","1,080/km2",360035N 1150209W / 36.0097N 115.0357W
68,Greensboro,North Carolina,"287,027","269,666",+6.44%,128.3sqmi,332.3km2,"2,237/sqmi",864/km2,360542N 794937W / 36.0951N 79.8270W
69,Plano,Texas,"286,057","259,841",+10.09%,71.7sqmi,185.7km2,"3,990/sqmi","1,540/km2",330303N 964452W / 33.0508N 96.7479W
70,Newark,New Jersey,"281,764","277,140",+1.67%,24.1sqmi,62.4km2,"11,691/sqmi","4,514/km2",404327N 741021W / 40.7242N 74.1726W
71,Lincoln,Nebraska,"280,364","258,379",+8.51%,92.1sqmi,238.5km2,"3,044/sqmi","1,175/km2",404838N 964049W / 40.8105N 96.6803W
72,Toledo,Ohio,"278,508","287,208",3.03%,80.7sqmi,209.0km2,"3,451/sqmi","1,332/km2",413951N 833455W / 41.6641N 83.5819W
73,Orlando,Florida,"277,173","238,300",+16.31%,105.2sqmi,272.5km2,"2,635/sqmi","1,017/km2",282500N 811625W / 28.4166N 81.2736W
74,Chula Vista,California,"267,172","243,916",+9.53%,49.6sqmi,128.5km2,"5,387/sqmi","2,080/km2",323740N 1170055W / 32.6277N 117.0152W
75,Irvine,California,"266,122","212,375",+25.31%,65.6sqmi,169.9km2,"4,057/sqmi","1,566/km2",334042N 1174617W / 33.6784N 117.7713W
76,Fort Wayne,Indiana,"264,488","253,691",+4.26%,110.6sqmi,286.5km2,"2,391/sqmi",923/km2,410518N 850838W / 41.0882N 85.1439W
77,Jersey City,New Jersey,"264,152","247,597",+6.69%,14.8sqmi,38.3km2,"17,848/sqmi","6,891/km2",404241N 740353W / 40.7114N 74.0648W
78,Durham,North Carolina,"263,016","228,330",+15.19%,109.8sqmi,284.4km2,"2,395/sqmi",925/km2,355852N 785410W / 35.9811N 78.9029W
79,St. Petersburg,Florida,"260,999","244,769",+6.63%,61.8sqmi,160.1km2,"4,223/sqmi","1,631/km2",274543N 823839W / 27.7620N 82.6441W
80,Laredo,Texas,"257,156","236,091",+8.92%,101.1sqmi,261.8km2,"2,544/sqmi",982/km2,273337N 992921W / 27.5604N 99.4892W
81,Buffalo,New York,"256,902","261,310",1.69%,40.4sqmi,104.6km2,"6,359/sqmi","2,455/km2",425333N 785135W / 42.8925N 78.8597W
82,Madison,Wisconsin,"252,551","233,209",+8.29%,77.0sqmi,199.4km2,"3,280/sqmi","1,270/km2",430516N 892548W / 43.0878N 89.4299W
83,Lubbock,Texas,"252,506","229,573",+9.99%,124.6sqmi,322.7km2,"2,027/sqmi",783/km2,333356N 1015312W / 33.5656N 101.8867W
84,Chandler,Arizona,"247,477","236,123",+4.81%,64.9sqmi,168.1km2,"3,813/sqmi","1,472/km2",331658N 1115118W / 33.2829N 111.8549W
85,Scottsdale,Arizona,"246,645","217,385",+13.46%,183.9sqmi,476.3km2,"1,341/sqmi",518/km2,334103N 1115140W / 33.6843N 111.8611W
86,Glendale,Arizona,"245,895","226,721",+8.46%,59.1sqmi,153.1km2,"4,161/sqmi","1,607/km2",333159N 1121124W / 33.5331N 112.1899W
87,Reno,Nevada,"245,255","225,221",+8.90%,107.3sqmi,277.9km2,"2,286/sqmi",883/km2,393257N 1195100W / 39.5491N 119.8499W
88,Norfolk[16],Virginia,"245,115","242,803",+0.95%,53.3sqmi,138.0km2,"4,599/sqmi","1,776/km2",365523N 761441W / 36.9230N 76.2446W
89,WinstonSalem,North Carolina,"242,203","229,617",+5.48%,132.5sqmi,343.2km2,"1,828/sqmi",706/km2,360610N 801540W / 36.1027N 80.2610W
90,North Las Vegas,Nevada,"238,702","216,961",+10.02%,98.0sqmi,253.8km2,"2,436/sqmi",941/km2,361709N 1150538W / 36.2857N 115.0939W
91,Irving,Texas,"238,289","216,290",+10.17%,67.0sqmi,173.5km2,"3,557/sqmi","1,373/km2",325128N 965812W / 32.8577N 96.9700W
92,Chesapeake[16],Virginia,"237,940","222,209",+7.08%,338.5sqmi,876.7km2,703/sqmi,271/km2,364046N 761806W / 36.6794N 76.3018W
93,Gilbert[20],Arizona,"237,133","208,453",+13.76%,68.0sqmi,176.1km2,"3,487/sqmi","1,346/km2",331837N 1114435W / 33.3103N 111.7431W
94,Hialeah,Florida,"236,387","224,669",+5.22%,21.5sqmi,55.7km2,"10,995/sqmi","4,245/km2",255212N 801810W / 25.8699N 80.3029W
95,Garland,Texas,"234,943","226,876",+3.56%,57.0sqmi,147.6km2,"4,122/sqmi","1,592/km2",325435N 963749W / 32.9098N 96.6303W
96,Fremont,California,"233,136","214,089",+8.90%,77.5sqmi,200.7km2,"3,008/sqmi","1,161/km2",372940N 1215628W / 37.4945N 121.9412W
97,Baton Rouge[21],Louisiana,"227,715","229,493",0.77%,85.9sqmi,222.5km2,"2,651/sqmi","1,024/km2",302632N 910751W / 30.4422N 91.1309W
98,Richmond[16],Virginia,"223,170","204,214",+9.28%,59.8sqmi,154.9km2,"3,732/sqmi","1,441/km2",373153N 772834W / 37.5314N 77.4760W
99,Boise[22],Idaho,"223,154","205,671",+8.50%,82.1sqmi,212.6km2,"2,718/sqmi","1,049/km2",433601N 1161354W / 43.6002N 116.2317W
100,San Bernardino,California,"216,239","209,924",+3.01%,61.5sqmi,159.3km2,"3,516/sqmi","1,358/km2",340830N 1171737W / 34.1416N 117.2936W
101,Spokane,Washington,"215,973","208,916",+3.38%,68.7sqmi,177.9km2,"3,144/sqmi","1,214/km2",474001N 1172600W / 47.6669N 117.4333W
102,Des Moines,Iowa,"215,472","203,433",+5.92%,88.9sqmi,230.2km2,"2,424/sqmi",936/km2,413421N 933637W / 41.5726N 93.6102W
103,Modesto,California,"212,175","201,165",+5.47%,43.0sqmi,111.4km2,"4,934/sqmi","1,905/km2",373815N 1210011W / 37.6375N 121.0030W
104,Birmingham,Alabama,"212,157","212,237",0.04%,146.1sqmi,378.4km2,"1,452/sqmi",561/km2,333139N 864756W / 33.5274N 86.7990W
105,Tacoma,Washington,"211,277","198,397",+6.49%,49.7sqmi,128.7km2,"4,251/sqmi","1,641/km2",471508N 1222735W / 47.2522N 122.4598W
106,Fontana,California,"209,665","196,069",+6.93%,43.0sqmi,111.4km2,"4,876/sqmi","1,883/km2",340632N 1172746W / 34.1090N 117.4629W
107,Rochester,New York,"208,880","210,565",0.80%,35.8sqmi,92.7km2,"5,835/sqmi","2,253/km2",431012N 773701W / 43.1699N 77.6169W
108,Oxnard,California,"207,906","197,899",+5.06%,26.9sqmi,69.7km2,"7,729/sqmi","2,984/km2",341208N 1191217W / 34.2023N 119.2046W
109,Moreno Valley,California,"205,499","193,365",+6.28%,51.3sqmi,132.9km2,"4,006/sqmi","1,547/km2",335524N 1171221W / 33.9233N 117.2057W
110,Fayetteville,North Carolina,"204,759","200,564",+2.09%,147.7sqmi,382.5km2,"1,386/sqmi",535/km2,350458N 785825W / 35.0828N 78.9735W
111,Aurora,Illinois,"201,110","197,899",+1.62%,44.9sqmi,116.3km2,"4,479/sqmi","1,729/km2",414549N 881724W / 41.7635N 88.2901W
112,Glendale,California,"200,831","191,719",+4.75%,30.4sqmi,78.7km2,"6,606/sqmi","2,551/km2",341053N 1181445W / 34.1814N 118.2458W
113,Yonkers,New York,"200,807","195,976",+2.47%,18.0sqmi,46.6km2,"11,156/sqmi","4,307/km2",405645N 735203W / 40.9459N 73.8674W
114,Huntington Beach,California,"200,652","189,992",+5.61%,26.9sqmi,69.7km2,"7,459/sqmi","2,880/km2",334126N 1180033W / 33.6906N 118.0093W
115,Montgomery,Alabama,"200,022","205,764",2.79%,159.8sqmi,413.9km2,"1,252/sqmi",483/km2,322050N 861558W / 32.3472N 86.2661W
116,Amarillo,Texas,"199,582","190,695",+4.66%,101.4sqmi,262.6km2,"1,968/sqmi",760/km2,351200N 1014949W / 35.1999N 101.8302W
117,Little Rock,Arkansas,"198,541","193,524",+2.59%,118.7sqmi,307.4km2,"1,673/sqmi",646/km2,344331N 922131W / 34.7254N 92.3586W
118,Akron,Ohio,"197,633","199,110",0.74%,62.0sqmi,160.6km2,"3,188/sqmi","1,231/km2",410450N 813117W / 41.0805N 81.5214W
119,Columbus[23],Georgia,"197,485","189,885",+4.00%,216.4sqmi,560.5km2,913/sqmi,353/km2,323037N 845230W / 32.5102N 84.8749W
120,Augusta[24],Georgia,"197,081","195,844",+0.63%,302.5sqmi,783.5km2,652/sqmi,252/km2,332156N 820424W / 33.3655N 82.0734W
121,Grand Rapids,Michigan,"196,445","188,040",+4.47%,44.4sqmi,115.0km2,"4,424/sqmi","1,708/km2",425740N 853920W / 42.9612N 85.6556W
122,Shreveport,Louisiana,"194,920","199,311",2.20%,107.1sqmi,277.4km2,"1,820/sqmi",700/km2,322801N 934732W / 32.4669N 93.7922W
123,Salt Lake City,Utah,"193,744","186,440",+3.92%,111.2sqmi,288.0km2,"1,742/sqmi",673/km2,404637N 1115552W / 40.7769N 111.9310W
124,Huntsville,Alabama,"193,079","180,105",+7.20%,213.4sqmi,552.7km2,905/sqmi,349/km2,344156N 864023W / 34.6990N 86.6730W
125,Mobile,Alabama,"192,904","195,111",1.13%,139.4sqmi,361.0km2,"1,384/sqmi",534/km2,304006N 880601W / 30.6684N 88.1002W
126,Tallahassee,Florida,"190,894","181,376",+5.25%,100.4sqmi,260.0km2,"1,901/sqmi",734/km2,302718N 841512W / 30.4551N 84.2534W
127,Grand Prairie,Texas,"190,682","175,396",+8.72%,72.3sqmi,187.3km2,"2,637/sqmi","1,018/km2",324113N 970116W / 32.6869N 97.0211W
128,Overland Park,Kansas,"188,966","173,372",+8.99%,75.1sqmi,194.5km2,"2,516/sqmi",971/km2,385320N 944126W / 38.8890N 94.6906W
129,Knoxville,Tennessee,"186,239","178,874",+4.12%,98.5sqmi,255.1km2,"1,891/sqmi",730/km2,355815N 835657W / 35.9707N 83.9493W
130,Port St. Lucie,Florida,"185,132","164,603",+12.47%,118.9sqmi,307.9km2,"1,557/sqmi",601/km2,271650N 802318W / 27.2806N 80.3883W
131,Worcester,Massachusetts,"184,508","181,045",+1.91%,37.4sqmi,96.9km2,"4,933/sqmi","1,905/km2",421610N 714828W / 42.2695N 71.8078W
132,Brownsville,Texas,"183,823","175,023",+5.03%,132.5sqmi,343.2km2,"1,387/sqmi",536/km2,255957N 972718W / 25.9991N 97.4550W
133,Tempe,Arizona,"182,498","161,719",+12.85%,40.0sqmi,103.6km2,"4,562/sqmi","1,761/km2",332318N 1115554W / 33.3884N 111.9318W
134,Santa Clarita,California,"181,972","176,320",+3.21%,52.8sqmi,136.8km2,"3,446/sqmi","1,331/km2",342411N 1183015W / 34.4030N 118.5042W
135,Newport News[16],Virginia,"181,825","180,719",+0.61%,69.1sqmi,179.0km2,"2,631/sqmi","1,016/km2",370434N 763119W / 37.0762N 76.5220W
136,Cape Coral,Florida,"179,804","154,305",+16.53%,105.6sqmi,273.5km2,"1,703/sqmi",658/km2,263836N 815951W / 26.6432N 81.9974W
137,Providence,Rhode Island,"179,219","178,042",+0.66%,18.4sqmi,47.7km2,"9,740/sqmi","3,760/km2",414923N 712508W / 41.8231N 71.4188W
138,Fort Lauderdale,Florida,"178,752","165,521",+7.99%,34.6sqmi,89.6km2,"5,166/sqmi","1,995/km2",260828N 800848W / 26.1412N 80.1467W
139,Chattanooga,Tennessee,"177,571","167,674",+5.90%,143.1sqmi,370.6km2,"1,241/sqmi",479/km2,350358N 851454W / 35.0660N 85.2484W
140,Rancho Cucamonga,California,"176,534","165,269",+6.82%,40.0sqmi,103.6km2,"4,413/sqmi","1,704/km2",340724N 1173351W / 34.1233N 117.5642W
141,Oceanside,California,"175,464","167,086",+5.01%,41.3sqmi,107.0km2,"4,249/sqmi","1,641/km2",331328N 1171822W / 33.2245N 117.3062W
142,Santa Rosa,California,"175,155","167,815",+4.37%,41.3sqmi,107.0km2,"4,241/sqmi","1,637/km2",382648N 1224222W / 38.4468N 122.7061W
143,Garden Grove,California,"174,858","170,883",+2.33%,18.0sqmi,46.6km2,"9,714/sqmi","3,751/km2",334644N 1175738W / 33.7788N 117.9605W
144,Vancouver,Washington,"174,826","161,791",+8.06%,46.9sqmi,121.5km2,"3,728/sqmi","1,439/km2",453806N 1223545W / 45.6349N 122.5957W
145,Sioux Falls,South Dakota,"174,360","153,888",+13.30%,75.4sqmi,195.3km2,"2,312/sqmi",893/km2,433218N 964355W / 43.5383N 96.7320W
146,Ontario,California,"173,212","163,924",+5.67%,49.9sqmi,129.2km2,"3,471/sqmi","1,340/km2",340222N 1173615W / 34.0394N 117.6042W
147,McKinney,Texas,"172,298","131,117",+31.41%,63.0sqmi,163.2km2,"2,735/sqmi","1,056/km2",331155N 964005W / 33.1985N 96.6680W
148,Elk Grove,California,"169,743","153,015",+10.93%,42.2sqmi,109.3km2,"4,022/sqmi","1,553/km2",382453N 1212306W / 38.4146N 121.3850W
149,Jackson,Mississippi,"169,148","173,514",2.52%,111.0sqmi,287.5km2,"1,524/sqmi",588/km2,321857N 901246W / 32.3158N 90.2128W
150,Pembroke Pines,Florida,"168,587","154,019",+9.46%,33.0sqmi,85.5km2,"5,109/sqmi","1,973/km2",260116N 802025W / 26.0210N 80.3404W
151,Salem,Oregon,"167,419","154,637",+8.27%,48.6sqmi,125.9km2,"3,445/sqmi","1,330/km2",445525N 1230124W / 44.9237N 123.0232W
152,Springfield,Missouri,"167,319","159,498",+4.90%,82.3sqmi,213.2km2,"2,033/sqmi",785/km2,371139N 931729W / 37.1942N 93.2913W
153,Corona,California,"166,785","152,374",+9.46%,39.5sqmi,102.3km2,"4,222/sqmi","1,630/km2",335143N 1173356W / 33.8620N 117.5655W
154,Eugene,Oregon,"166,575","156,185",+6.65%,44.1sqmi,114.2km2,"3,777/sqmi","1,458/km2",440324N 1230658W / 44.0567N 123.1162W
155,Fort Collins,Colorado,"164,207","143,986",+14.04%,55.8sqmi,144.5km2,"2,943/sqmi","1,136/km2",403254N 1050353W / 40.5482N 105.0648W
156,Peoria,Arizona,"164,173","154,065",+6.56%,175.7sqmi,455.1km2,934/sqmi,361/km2,334710N 1121829W / 33.7862N 112.3080W
157,Frisco,Texas,"163,656","116,989",+39.89%,67.7sqmi,175.3km2,"2,417/sqmi",933/km2,330919N 964921W / 33.1554N 96.8226W
158,Cary[25],North Carolina,"162,320","135,234",+20.03%,56.5sqmi,146.3km2,"2,873/sqmi","1,109/km2",354651N 784848W / 35.7809N 78.8133W
159,Lancaster,California,"160,106","156,633",+2.22%,94.3sqmi,244.2km2,"1,698/sqmi",656/km2,344137N 1181031W / 34.6936N 118.1753W
160,Hayward,California,"158,937","144,186",+10.23%,45.5sqmi,117.8km2,"3,493/sqmi","1,349/km2",373743N 1220609W / 37.6287N 122.1024W
161,Palmdale,California,"157,356","152,750",+3.02%,106.0sqmi,274.5km2,"1,484/sqmi",573/km2,343528N 1180619W / 34.5910N 118.1054W
162,Salinas,California,"157,218","150,441",+4.50%,23.6sqmi,61.1km2,"6,662/sqmi","2,572/km2",364125N 1213801W / 36.6902N 121.6337W
163,Alexandria[16],Virginia,"155,810","139,966",+11.32%,15.0sqmi,38.8km2,"10,387/sqmi","4,010/km2",384912N 770503W / 38.8201N 77.0841W
164,Lakewood,Colorado,"154,393","142,980",+7.98%,42.9sqmi,111.1km2,"3,599/sqmi","1,390/km2",394156N 1050703W / 39.6989N 105.1176W
165,Springfield,Massachusetts,"154,074","153,060",+0.66%,31.9sqmi,82.6km2,"4,830/sqmi","1,860/km2",420656N 723224W / 42.1155N 72.5400W
166,Pasadena,Texas,"153,351","149,043",+2.89%,43.5sqmi,112.7km2,"3,525/sqmi","1,361/km2",293931N 950902W / 29.6586N 95.1506W
167,Sunnyvale,California,"152,771","140,081",+9.06%,22.0sqmi,57.0km2,"6,944/sqmi","2,681/km2",372309N 1220135W / 37.3858N 122.0263W
168,Macon[26],Georgia,"152,555","91,351",+67.00%,249.3sqmi,645.7km2,612/sqmi,236/km2,324832N 834139W / 32.8088N 83.6942W
169,Pomona,California,"152,494","149,058",+2.31%,23.0sqmi,59.6km2,"6,630/sqmi","2,560/km2",340331N 1174540W / 34.0585N 117.7611W
170,Hollywood,Florida,"151,998","140,768",+7.98%,27.3sqmi,70.7km2,"5,568/sqmi","2,150/km2",260152N 800953W / 26.0310N 80.1646W
171,Kansas City[27],Kansas,"151,709","145,786",+4.06%,124.8sqmi,323.2km2,"1,216/sqmi",470/km2,390721N 944430W / 39.1225N 94.7418W
172,Escondido,California,"151,613","143,911",+5.35%,37.1sqmi,96.1km2,"4,087/sqmi","1,578/km2",330759N 1170426W / 33.1331N 117.0740W
173,Clarksville,Tennessee,"150,287","132,929",+13.06%,98.3sqmi,254.6km2,"1,529/sqmi",590/km2,363359N 872043W / 36.5664N 87.3452W
174,Joliet,Illinois,"148,262","147,433",+0.56%,64.4sqmi,166.8km2,"2,302/sqmi",889/km2,413104N 880856W / 41.5177N 88.1488W
175,Rockford,Illinois,"147,651","152,871",3.41%,63.5sqmi,164.5km2,"2,325/sqmi",898/km2,421532N 890353W / 42.2588N 89.0646W
176,Torrance,California,"147,195","145,438",+1.21%,20.5sqmi,53.1km2,"7,180/sqmi","2,770/km2",335006N 1182029W / 33.8350N 118.3414W
177,Naperville,Illinois,"147,122","141,853",+3.71%,38.7sqmi,100.2km2,"3,802/sqmi","1,468/km2",414457N 880943W / 41.7492N 88.1620W
178,Paterson,New Jersey,"147,000","146,199",+0.55%,8.4sqmi,21.8km2,"17,500/sqmi","6,800/km2",405453N 740946W / 40.9148N 74.1628W
179,Savannah,Georgia,"146,763","136,286",+7.69%,103.6sqmi,268.3km2,"1,417/sqmi",547/km2,320009N 810913W / 32.0025N 81.1536W
180,Bridgeport,Connecticut,"145,936","144,229",+1.18%,16.1sqmi,41.7km2,"9,064/sqmi","3,500/km2",411115N 731145W / 41.1874N 73.1958W
181,Mesquite,Texas,"143,736","139,824",+2.80%,47.2sqmi,122.2km2,"3,045/sqmi","1,176/km2",324546N 963520W / 32.7629N 96.5888W
182,Killeen,Texas,"143,400","127,921",+12.10%,53.5sqmi,138.6km2,"2,680/sqmi","1,030/km2",310440N 974355W / 31.0777N 97.7320W
183,Syracuse,New York,"143,378","145,170",1.23%,25.0sqmi,64.7km2,"5,735/sqmi","2,214/km2",430228N 760837W / 43.0410N 76.1436W
184,McAllen,Texas,"142,212","129,877",+9.50%,58.4sqmi,151.3km2,"2,435/sqmi",940/km2,261356N 981447W / 26.2322N 98.2464W
185,Pasadena,California,"142,059","137,122",+3.60%,23.0sqmi,59.6km2,"6,176/sqmi","2,385/km2",340938N 1180823W / 34.1606N 118.1396W
186,Bellevue,Washington,"141,400","122,363",+15.56%,33.5sqmi,86.8km2,"4,221/sqmi","1,630/km2",473552N 1220923W / 47.5979N 122.1565W
187,Fullerton,California,"140,721","135,161",+4.11%,22.4sqmi,58.0km2,"6,282/sqmi","2,425/km2",335309N 1175541W / 33.8857N 117.9280W
188,Orange,California,"140,504","136,416",+3.00%,25.4sqmi,65.8km2,"5,532/sqmi","2,136/km2",334713N 1175141W / 33.7870N 117.8613W
189,Dayton,Ohio,"140,489","141,527",0.73%,55.7sqmi,144.3km2,"2,522/sqmi",974/km2,394639N 841159W / 39.7774N 84.1996W
190,Miramar,Florida,"138,449","122,041",+13.44%,29.4sqmi,76.1km2,"4,709/sqmi","1,818/km2",255837N 802009W / 25.9770N 80.3358W
191,Thornton,Colorado,"136,703","118,772",+15.10%,35.7sqmi,92.5km2,"3,829/sqmi","1,478/km2",395510N 1045634W / 39.9194N 104.9428W
192,West Valley City,Utah,"136,574","129,480",+5.48%,35.5sqmi,91.9km2,"3,847/sqmi","1,485/km2",404119N 1120042W / 40.6885N 112.0118W
193,Olathe,Kansas,"135,473","125,872",+7.63%,60.9sqmi,157.7km2,"2,225/sqmi",859/km2,385303N 944910W / 38.8843N 94.8195W
194,Hampton[16],Virginia,"135,410","137,436",1.47%,51.5sqmi,133.4km2,"2,629/sqmi","1,015/km2",370253N 761750W / 37.0480N 76.2971W
195,Warren,Michigan,"135,125","134,056",+0.80%,34.4sqmi,89.1km2,"3,928/sqmi","1,517/km2",422934N 830130W / 42.4929N 83.0250W
196,Midland,Texas,"134,610","111,147",+21.11%,74.4sqmi,192.7km2,"1,809/sqmi",698/km2,320129N 1020649W / 32.0246N 102.1135W
197,Waco,Texas,"134,432","124,805",+7.71%,89.0sqmi,230.5km2,"1,510/sqmi",580/km2,313336N 971110W / 31.5601N 97.1860W
198,Charleston,South Carolina,"134,385","120,083",+11.91%,109.0sqmi,282.3km2,"1,233/sqmi",476/km2,324904N 795732W / 32.8179N 79.9590W
199,Columbia,South Carolina,"134,309","129,272",+3.90%,133.5sqmi,345.8km2,"1,006/sqmi",388/km2,340145N 805353W / 34.0291N 80.8980W
200,Denton,Texas,"133,808","113,383",+18.01%,93.4sqmi,241.9km2,"1,433/sqmi",553/km2,331300N 970829W / 33.2166N 97.1414W
201,Carrollton,Texas,"133,351","119,097",+11.97%,36.3sqmi,94.0km2,"3,674/sqmi","1,419/km2",325918N 965359W / 32.9884N 96.8998W
202,Surprise,Arizona,"132,677","117,517",+12.90%,107.9sqmi,279.5km2,"1,230/sqmi",470/km2,334014N 1122710W / 33.6706N 112.4527W
203,Roseville,California,"132,671","118,788",+11.69%,43.0sqmi,111.4km2,"3,085/sqmi","1,191/km2",384608N 1211908W / 38.7690N 121.3189W
204,Sterling Heights,Michigan,"132,427","129,699",+2.10%,36.5sqmi,94.5km2,"3,628/sqmi","1,401/km2",423452N 830149W / 42.5812N 83.0303W
205,Murfreesboro,Tennessee,"131,947","108,755",+21.32%,55.9sqmi,144.8km2,"2,360/sqmi",910/km2,355108N 862458W / 35.8522N 86.4160W
206,Gainesville,Florida,"131,591","124,354",+5.82%,62.3sqmi,161.4km2,"2,112/sqmi",815/km2,294044N 822046W / 29.6788N 82.3461W
207,Cedar Rapids,Iowa,"131,127","126,326",+3.80%,70.8sqmi,183.4km2,"1,852/sqmi",715/km2,415801N 914040W / 41.9670N 91.6778W
208,Visalia,California,"131,074","124,442",+5.33%,37.5sqmi,97.1km2,"3,495/sqmi","1,349/km2",361938N 1191944W / 36.3273N 119.3289W
209,Coral Springs,Florida,"130,059","121,096",+7.40%,23.8sqmi,61.6km2,"5,465/sqmi","2,110/km2",261615N 801533W / 26.2707N 80.2593W
210,New Haven,Connecticut,"129,934","129,779",+0.12%,18.7sqmi,48.4km2,"6,948/sqmi","2,683/km2",411839N 725530W / 41.3108N 72.9250W
211,Stamford,Connecticut,"129,113","122,643",+5.28%,37.6sqmi,97.4km2,"3,434/sqmi","1,326/km2",410448N 733246W / 41.0799N 73.5460W
212,Thousand Oaks,California,"128,888","126,683",+1.74%,55.2sqmi,143.0km2,"2,335/sqmi",902/km2,341136N 1185227W / 34.1933N 118.8742W
213,Concord,California,"128,726","122,067",+5.46%,30.5sqmi,79.0km2,"4,221/sqmi","1,630/km2",375820N 1220006W / 37.9722N 122.0016W
214,Elizabeth,New Jersey,"128,640","124,969",+2.94%,12.3sqmi,31.9km2,"10,459/sqmi","4,038/km2",403959N 741137W / 40.6664N 74.1935W
215,Lafayette[28],Louisiana,"127,626","120,623",+5.81%,53.8sqmi,139.3km2,"2,372/sqmi",916/km2,301227N 920143W / 30.2074N 92.0285W
216,Kent,Washington,"127,514","92,411",+37.99%,33.7sqmi,87.3km2,"3,784/sqmi","1,461/km2",472317N 1221246W / 47.3880N 122.2127W
217,Topeka,Kansas,"126,808","127,473",0.52%,61.5sqmi,159.3km2,"2,062/sqmi",796/km2,390205N 954146W / 39.0347N 95.6962W
218,Simi Valley,California,"126,327","124,237",+1.68%,41.5sqmi,107.5km2,"3,044/sqmi","1,175/km2",341601N 1184455W / 34.2669N 118.7485W
219,Santa Clara,California,"125,948","116,468",+8.14%,18.4sqmi,47.7km2,"6,845/sqmi","2,643/km2",372153N 1215804W / 37.3646N 121.9679W
220,Athens[29],Georgia,"123,371","115,452",+6.86%,116.4sqmi,301.5km2,"1,060/sqmi",410/km2,335659N 832212W / 33.9496N 83.3701W
221,Hartford,Connecticut,"123,243","124,775",1.23%,17.4sqmi,45.1km2,"7,083/sqmi","2,735/km2",414557N 724054W / 41.7659N 72.6816W
222,Victorville,California,"122,265","115,903",+5.49%,73.3sqmi,189.8km2,"1,668/sqmi",644/km2,343140N 1172113W / 34.5277N 117.3536W
223,Abilene,Texas,"122,225","117,063",+4.41%,106.7sqmi,276.4km2,"1,146/sqmi",442/km2,322716N 994417W / 32.4545N 99.7381W
224,Norman,Oklahoma,"122,180","110,925",+10.15%,178.8sqmi,463.1km2,683/sqmi,264/km2,351426N 972043W / 35.2406N 97.3453W
225,Vallejo,California,"121,299","115,942",+4.62%,30.7sqmi,79.5km2,"3,951/sqmi","1,525/km2",380628N 1221550W / 38.1079N 122.2640W
226,Berkeley,California,"121,240","112,580",+7.69%,10.5sqmi,27.2km2,"11,547/sqmi","4,458/km2",375201N 1221757W / 37.8670N 122.2991W
227,Round Rock,Texas,"120,892","99,887",+21.03%,35.6sqmi,92.2km2,"3,396/sqmi","1,311/km2",303131N 973958W / 30.5252N 97.6660W
228,Ann Arbor,Michigan,"120,782","113,934",+6.01%,28.1sqmi,72.8km2,"4,298/sqmi","1,659/km2",421634N 834351W / 42.2761N 83.7309W
229,Fargo,North Dakota,"120,762","105,549",+14.41%,49.3sqmi,127.7km2,"2,450/sqmi",950/km2,465155N 964944W / 46.8652N 96.8290W
230,Columbia,Missouri,"120,612","108,500",+11.16%,65.0sqmi,168.3km2,"1,856/sqmi",717/km2,385650N 921935W / 38.9473N 92.3264W
231,Allentown,Pennsylvania,"120,443","118,032",+2.04%,17.5sqmi,45.3km2,"6,882/sqmi","2,657/km2",403537N 752842W / 40.5936N 75.4784W
232,Evansville,Indiana,"119,477","117,429",+1.74%,47.3sqmi,122.5km2,"2,526/sqmi",975/km2,375916N 873205W / 37.9877N 87.5347W
233,Beaumont,Texas,"118,299","118,296",0.00%,82.1sqmi,212.6km2,"1,441/sqmi",556/km2,300506N 940843W / 30.0849N 94.1453W
234,Odessa,Texas,"117,871","99,940",+17.94%,45.2sqmi,117.1km2,"2,608/sqmi","1,007/km2",315302N 1022028W / 31.8838N 102.3411W
235,Wilmington,North Carolina,"117,525","106,476",+10.38%,51.6sqmi,133.6km2,"2,278/sqmi",880/km2,341233N 775309W / 34.2092N 77.8858W
236,Arvada,Colorado,"117,453","106,433",+10.35%,38.6sqmi,100.0km2,"3,043/sqmi","1,175/km2",395001N 1050901W / 39.8337N 105.1503W
237,Independence,Missouri,"117,030","116,830",+0.17%,77.8sqmi,201.5km2,"1,504/sqmi",581/km2,390508N 942108W / 39.0855N 94.3521W
238,Provo,Utah,"116,868","112,488",+3.89%,41.7sqmi,108.0km2,"2,803/sqmi","1,082/km2",401443N 1113841W / 40.2453N 111.6448W
239,Lansing,Michigan,"116,020","114,297",+1.51%,39.1sqmi,101.3km2,"2,967/sqmi","1,146/km2",424251N 843333W / 42.7143N 84.5593W
240,El Monte,California,"115,807","113,475",+2.06%,9.6sqmi,24.9km2,"12,063/sqmi","4,658/km2",340429N 1180145W / 34.0746N 118.0291W
241,Springfield,Illinois,"115,715","116,250",0.46%,60.1sqmi,155.7km2,"1,925/sqmi",743/km2,394728N 893841W / 39.7911N 89.6446W
242,Fairfield,California,"114,756","105,321",+8.96%,40.9sqmi,105.9km2,"2,806/sqmi","1,083/km2",381533N 1220156W / 38.2593N 122.0321W
243,Clearwater,Florida,"114,361","107,685",+6.20%,25.9sqmi,67.1km2,"4,415/sqmi","1,705/km2",275844N 824600W / 27.9789N 82.7666W
244,Peoria,Illinois,"114,265","115,007",0.65%,48.2sqmi,124.8km2,"2,371/sqmi",915/km2,404505N 893703W / 40.7515N 89.6174W
245,Rochester,Minnesota,"114,011","106,769",+6.78%,54.6sqmi,141.4km2,"2,088/sqmi",806/km2,440055N 922838W / 44.0154N 92.4772W
246,Carlsbad,California,"113,952","105,328",+8.19%,37.7sqmi,97.6km2,"3,023/sqmi","1,167/km2",330726N 1171658W / 33.1239N 117.2828W
247,Westminster,Colorado,"113,875","106,114",+7.31%,31.7sqmi,82.1km2,"3,592/sqmi","1,387/km2",395256N 1050352W / 39.8822N 105.0644W
248,West Jordan,Utah,"113,699","103,712",+9.63%,32.3sqmi,83.7km2,"3,520/sqmi","1,360/km2",403609N 1120003W / 40.6024N 112.0008W
249,Pearland,Texas,"113,570","91,252",+24.46%,46.3sqmi,119.9km2,"2,453/sqmi",947/km2,293321N 951923W / 29.5558N 95.3231W
250,Richardson,Texas,"113,347","99,223",+14.23%,28.6sqmi,74.1km2,"3,963/sqmi","1,530/km2",325820N 964229W / 32.9723N 96.7081W
251,Downey,California,"113,267","111,772",+1.34%,12.4sqmi,32.1km2,"9,134/sqmi","3,527/km2",335618N 1180751W / 33.9382N 118.1309W
252,Miami Gardens,Florida,"113,058","107,167",+5.50%,18.2sqmi,47.1km2,"6,212/sqmi","2,398/km2",255656N 801437W / 25.9489N 80.2436W
253,Temecula,California,"113,054","100,097",+12.94%,37.3sqmi,96.6km2,"3,031/sqmi","1,170/km2",332935N 1170754W / 33.4931N 117.1317W
254,Costa Mesa,California,"112,822","109,960",+2.60%,15.7sqmi,40.7km2,"7,186/sqmi","2,775/km2",333957N 1175444W / 33.6659N 117.9123W
255,College Station,Texas,"112,141","93,857",+19.48%,51.0sqmi,132.1km2,"2,199/sqmi",849/km2,303507N 961747W / 30.5852N 96.2964W
256,Elgin,Illinois,"112,123","108,188",+3.64%,37.4sqmi,96.9km2,"2,998/sqmi","1,158/km2",420223N 881918W / 42.0396N 88.3217W
257,Murrieta,California,"111,674","103,466",+7.93%,33.6sqmi,87.0km2,"3,324/sqmi","1,283/km2",333420N 1171125W / 33.5721N 117.1904W
258,Gresham,Oregon,"111,523","105,594",+5.61%,23.3sqmi,60.3km2,"4,786/sqmi","1,848/km2",453008N 1222630W / 45.5023N 122.4416W
259,High Point,North Carolina,"111,223","104,371",+6.57%,55.2sqmi,143.0km2,"2,015/sqmi",778/km2,355924N 795926W / 35.9900N 79.9905W
260,Antioch,California,"110,898","102,372",+8.33%,29.4sqmi,76.1km2,"3,772/sqmi","1,456/km2",375845N 1214746W / 37.9791N 121.7962W
261,Inglewood,California,"110,654","109,673",+0.89%,9.1sqmi,23.6km2,"12,160/sqmi","4,700/km2",335722N 1182039W / 33.9561N 118.3443W
262,Cambridge,Massachusetts,"110,651","105,162",+5.22%,6.4sqmi,16.6km2,"17,289/sqmi","6,675/km2",422234N 710707W / 42.3760N 71.1187W
263,Lowell,Massachusetts,"110,558","106,519",+3.79%,13.6sqmi,35.2km2,"8,129/sqmi","3,139/km2",423820N 711916W / 42.6390N 71.3211W
264,Manchester,New Hampshire,"110,506","109,565",+0.86%,33.1sqmi,85.7km2,"3,339/sqmi","1,289/km2",425906N 712639W / 42.9849N 71.4441W
265,Billings,Montana,"110,323","104,170",+5.91%,43.7sqmi,113.2km2,"2,525/sqmi",975/km2,454719N 1083300W / 45.7885N 108.5499W
266,Pueblo,Colorado,"110,291","106,595",+3.47%,53.6sqmi,138.8km2,"2,058/sqmi",795/km2,381612N 1043644W / 38.2699N 104.6123W
267,Palm Bay,Florida,"110,104","103,190",+6.70%,65.7sqmi,170.2km2,"1,676/sqmi",647/km2,275908N 803945W / 27.9856N 80.6626W
268,Centennial,Colorado,"109,932","100,377",+9.52%,29.5sqmi,76.4km2,"3,727/sqmi","1,439/km2",393526N 1045209W / 39.5906N 104.8691W
269,Richmond,California,"109,813","103,701",+5.89%,30.1sqmi,78.0km2,"3,648/sqmi","1,409/km2",375708N 1222138W / 37.9523N 122.3606W
270,Ventura[30],California,"109,592","106,433",+2.97%,21.8sqmi,56.5km2,"5,027/sqmi","1,941/km2",341604N 1191515W / 34.2678N 119.2542W
271,Pompano Beach,Florida,"109,393","99,845",+9.56%,24.0sqmi,62.2km2,"4,558/sqmi","1,760/km2",261430N 800802W / 26.2416N 80.1339W
272,North Charleston,South Carolina,"109,298","97,471",+12.13%,73.7sqmi,190.9km2,"1,483/sqmi",573/km2,325504N 800354W / 32.9178N 80.0650W
273,Everett,Washington,"109,043","103,019",+5.85%,33.3sqmi,86.2km2,"3,275/sqmi","1,264/km2",475724N 1221129W / 47.9566N 122.1914W
274,Waterbury,Connecticut,"108,272","110,366",1.90%,28.5sqmi,73.8km2,"3,799/sqmi","1,467/km2",413331N 730212W / 41.5585N 73.0367W
275,West Palm Beach,Florida,"108,161","99,919",+8.25%,55.1sqmi,142.7km2,"1,963/sqmi",758/km2,264447N 800730W / 26.7464N 80.1251W
276,Boulder,Colorado,"108,090","97,385",+10.99%,24.8sqmi,64.2km2,"4,358/sqmi","1,683/km2",400137N 1051507W / 40.0270N 105.2519W
277,West Covina,California,"107,847","106,098",+1.65%,16.0sqmi,41.4km2,"6,740/sqmi","2,600/km2",340321N 1175436W / 34.0559N 117.9099W
278,Broken Arrow,Oklahoma,"107,403","98,850",+8.65%,61.7sqmi,159.8km2,"1,741/sqmi",672/km2,360211N 954652W / 36.0365N 95.7810W
279,Clovis,California,"106,583","95,631",+11.45%,24.2sqmi,62.7km2,"4,404/sqmi","1,700/km2",364942N 1194106W / 36.8282N 119.6849W
280,Daly City,California,"106,472","101,123",+5.29%,7.6sqmi,19.7km2,"14,009/sqmi","5,409/km2",374203N 1222754W / 37.7009N 122.4650W
281,Lakeland,Florida,"106,420","97,422",+9.24%,65.9sqmi,170.7km2,"1,615/sqmi",624/km2,280320N 815718W / 28.0555N 81.9549W
282,Santa Maria,California,"106,290","99,553",+6.77%,22.8sqmi,59.1km2,"4,662/sqmi","1,800/km2",345600N 1202638W / 34.9332N 120.4438W
283,Norwalk,California,"106,178","105,549",+0.60%,9.7sqmi,25.1km2,"10,946/sqmi","4,226/km2",335427N 1180501W / 33.9076N 118.0835W
284,Sandy Springs,Georgia,"105,703","93,853",+12.63%,37.7sqmi,97.6km2,"2,804/sqmi","1,083/km2",335553N 842207W / 33.9315N 84.3687W
285,Hillsboro,Oregon,"105,164","91,611",+14.79%,25.0sqmi,64.7km2,"4,207/sqmi","1,624/km2",453141N 1225609W / 45.5280N 122.9357W
286,Green Bay,Wisconsin,"105,139","104,057",+1.04%,45.4sqmi,117.6km2,"2,316/sqmi",894/km2,443115N 875903W / 44.5207N 87.9842W
287,Tyler,Texas,"104,798","96,900",+8.15%,56.6sqmi,146.6km2,"1,852/sqmi",715/km2,321902N 951821W / 32.3173N 95.3059W
288,Wichita Falls,Texas,"104,724","104,553",+0.16%,72.2sqmi,187.0km2,"1,450/sqmi",560/km2,335424N 983133W / 33.9067N 98.5259W
289,Lewisville,Texas,"104,659","95,290",+9.83%,36.7sqmi,95.1km2,"2,852/sqmi","1,101/km2",330248N 965854W / 33.0466N 96.9818W
290,Burbank,California,"104,447","103,340",+1.07%,17.4sqmi,45.1km2,"6,003/sqmi","2,318/km2",341124N 1181935W / 34.1901N 118.3264W
291,Greeley,Colorado,"103,990","92,889",+11.95%,47.8sqmi,123.8km2,"2,176/sqmi",840/km2,402455N 1044611W / 40.4153N 104.7697W
292,San Mateo,California,"103,959","97,207",+6.95%,12.1sqmi,31.3km2,"8,592/sqmi","3,317/km2",373337N 1221838W / 37.5603N 122.3106W
293,El Cajon,California,"103,768","99,478",+4.31%,14.5sqmi,37.6km2,"7,156/sqmi","2,763/km2",324806N 1165737W / 32.8017N 116.9604W
294,Jurupa Valley,California,"103,541",0,NA[31],42.9sqmi,111.1km2,"2,414/sqmi",932/km2,340009N 1172803W / 34.0026N 117.4676W
295,Rialto,California,"103,314","99,171",+4.18%,22.3sqmi,57.8km2,"4,633/sqmi","1,789/km2",340642N 1172318W / 34.1118N 117.3883W
296,Davenport,Iowa,"102,612","99,685",+2.94%,62.9sqmi,162.9km2,"1,631/sqmi",630/km2,413315N 903614W / 41.5541N 90.6040W
297,League City,Texas,"102,010","83,560",+22.08%,51.2sqmi,132.6km2,"1,992/sqmi",769/km2,292924N 950633W / 29.4901N 95.1091W
298,Edison[32],New Jersey,"101,996","99,967",+2.03%,30.1sqmi,78.0km2,"3,389/sqmi","1,309/km2",403014N 742058W / 40.5040N 74.3494W
299,Davie[33],Florida,"101,871","91,992",+10.74%,34.9sqmi,90.4km2,"2,919/sqmi","1,127/km2",260445N 801706W / 26.0791N 80.2850W
300,Las Cruces,New Mexico,"101,759","97,618",+4.24%,76.9sqmi,199.2km2,"1,323/sqmi",511/km2,321935N 1064723W / 32.3264N 106.7897W
301,South Bend,Indiana,"101,735","101,168",+0.56%,41.4sqmi,107.2km2,"2,457/sqmi",949/km2,414037N 861608W / 41.6769N 86.2690W
302,Vista,California,"101,659","93,834",+8.34%,18.7sqmi,48.4km2,"5,436/sqmi","2,099/km2",331122N 1171419W / 33.1895N 117.2386W
303,Woodbridge[32],New Jersey,"101,389","99,585",+1.81%,23.3sqmi,60.3km2,"4,351/sqmi","1,680/km2",403339N 741734W / 40.5607N 74.2927W
304,Renton,Washington,"100,953","90,927",+11.03%,23.4sqmi,60.6km2,"4,314/sqmi","1,666/km2",472834N 1221131W / 47.4761N 122.1920W
305,Lakewood[32],New Jersey,"100,758","92,843",+8.53%,24.7sqmi,64.0km2,"4,079/sqmi","1,575/km2",400438N 741201W / 40.0771N 74.2004W
306,San Angelo,Texas,"100,702","93,200",+8.05%,59.9sqmi,155.1km2,"1,681/sqmi",649/km2,312628N 1002702W / 31.4411N 100.4505W
307,Clinton[34],Michigan,"100,392","96,796",+3.72%,28.1sqmi,72.8km2,"3,573/sqmi","1,380/km2",423525N 825501W / 42.5903N 82.9170W
