X,Y,OBJECTID,NAME,ADDRESS,UNIT_SUITE,ZIP_4,CONTACT,SEC_NAME,NAICS,CENSUS_TRACT,WARD
-77.0154890372678,38.8836013284542,1,E H HARRIMAN MEMORIAL AWARDS INSTITUTE,425 THIRD ST SW STE 1000,,20024-3206,AAR,,712120,010500,6
-76.9912992258727,38.8854602814923,2,LATROBE CHAPTER SOCIETY OF ARCHITECTURAL HISTORIANS,322 11TH ST SE,,20003-2103,TANGIRES,,710000,006700,6
-76.982968927318,38.9202506246356,3,ARCHAEOLOGY IN THE COMMUNITY,2231 14TH ST NE,,20018-3501,ALEXANDRA JONES,,710000,009102,5
-77.011274495491,38.8945690609474,4,VICTIMS OF COMMUNISM MEMORIAL FOUNDATION INC,300 NEW JERSEY AVE NW,900,20001-2271,,,712120,005900,6
-76.9877732889449,38.8670059923147,5,AMERICAN POETRY MUSEUM,1227 GOODHOPE ROAD SE,10,20020-6907,JON WEST-BEY,,712110,007503,8
-77.0605759005731,38.9400290476107,6,CAPITAL HEARINGS,3901 CONNECTICUT AVE NW,202,20008-6402,DILEEP SRIHARI,,711130,001302,3
-77.080465483753,38.9267362788483,7,UNITED STATES COMMISSION ON MILITARY HISTORY,2801 NEW MEXICO AVE NW,1118,20007-3912,ANN VON LUTTICHAU,,712110,000701,3
-77.0413683534801,38.9079994182139,8,LINGUISTIC SOCIETY OF AMERICA,1325 18TH ST NW,211,20036-6502,,,710000,010700,2
-77.0724201724496,38.9294791688223,9,CIRCLE SINGERS INC,3001 WISCONSIN AVE NW,,20016-5069,ST ALBANS EPISCOPAL CHURCH,,711130,000400,3
-77.07867641511,38.9364413399905,10,EL TEATRO DE DANZA CONTEMPORANEA DE EL SALVADOR,3971 LANGLEY COURT NW,,20016-5541,MIYA HISAKA,,710000,001002,3
-77.0129225483586,38.9167959156012,11,KANKOURAN WEST AFRICAN DANCE CO,118 U ST NW,,20001-1606,,,711100,003301,5
-77.0299789112147,38.9103810091446,12,THOMAS AND BIRDIE C SMITH ARTS FOUNDATION,14 LOGAN CIR NW,,20005-3727,THERRELL C SMITH,,813219,005001,2
-77.0357501267314,38.9334872704594,13,LEAN & HUNGRY THEATRE,1525 NEWTON ST NW,,20010-3103,ALEX ZAVISTOVICH,LEAN & HUNGRY THEATER,711110,002801,1
-77.0833421784595,38.9464992003739,14,THE BALLET STUDIO,4227 YUMA ST NW,,20016-2025,BARBARA GASKILL,,711120,001001,3
-77.0213050958353,38.9647773560913,15,DC PAN JAMMERS INC,602 RITTENHOUSE STREETNW,,20011-0000,EMLYN HAREWOOD,,711130,001901,4
-77.0319243312082,38.9850436415482,16,FILMMAKERS FOR TOMORROW FOUNDATION,1347 KALMIA RD NW,,20012-1444,MILINDA BALTHROP,,512110,001600,4
-77.0423881348151,38.94000552934,17,OPERA CAMERATA OF WASHINGTON DC INC,1819 SHEPHERD ST NW,,20011-5343,STEFAN LOPATKIEWICZ,,711130,002600,4
-77.0441526846465,38.901601657361,18,URUGUAY CULTURAL FOUNDATION FOR THE ARTS,1913 EYE ST NW,,20006-2106,CABRIELLA E IZAGUIRRE FERNANDEZ,,813219,010700,2
-77.0374118869823,38.9029306713772,19,INTERNATIONAL WOMENS MEDIA FOUNDATION,1625 K STREET NW,,20006-1604,ELISA MUNOZ,,813920,010700,2
-77.0369603074932,38.9042627004388,20,SPLIT THIS ROCK INC,1112 16TH ST NW,600,20036-4814,MELISSA TUCKEY,,710000,010700,2
-77.0810156618962,38.9506672565108,21,CHILDRENS CHORUS OF WASHINGTON,4626 WISCONSIN AVE NW,100,20016-4625,JOAN GREGORYK,,711130,001001,3
-77.0843978236443,38.9531247538582,22,MARU MONTERO DANCE CENTER,4312 ELLICOTT ST NW,,20016-4029,,, ,001001,3
-77.0446061992316,38.9080302065099,23,HEURICH HOUSE FOUNDATION,1307 NEW HAMPSHIRE AVENUE NW,,20036-1531,,,712110,010700,2
-77.0409212804712,38.9062615947682,24,ASSOCIATION OF PERFORMING ARTS PRESENTERS INC,1211 CONNECTICUT AVENUE NW,200,20036-2716,,,813920,010700,2
-77.0391630560538,38.9060149181494,25,AMERICAN IDEAS INSTITUTE,1710 RHODE ISLAND AVENUE NW,1200,20036-3128,,,511100,010700,2
-77.0368895774737,38.9852899968214,26,WASHINGTON ETHICAL SOCIETY,7750 16TH ST NW,,20012-1462,,,710000,001600,4
-77.0237324027707,38.9444298227737,27,TEATRO DE LA LUNA -THE MOON THEATRE,4411 KANSAS AVE NW,,20011-7223,,,711110,002400,4
-77.0266542931253,38.9486605635115,28,DC CARIBBEAN CARNIVAL INC,4809 GEORGIA AVE NW,112,20011-0000,LOUGHTON B SARGEANT,,710000,002201,4
-77.0326028255552,38.9064788813209,29,THOMAS CIRCLE SINGERS,5 THOMAS CIRCLE NW,,20005-4104,WARREN OHEARNE,,711130,005201,2
-77.0431682665645,38.9122637678762,30,BLUE LINE ARTS INC,1637 19TH ST NW,,20009-1637,ERIC BRAVERMAN,,711100,004202,2
-77.0440101813908,38.9124201088352,31,TRUST FOR ARCHITECTURAL EASEMENTS,1906 R ST NW,100,20009-1030,STEVEN MCLAIN,, ,004202,2
-77.0476889441902,38.9114447733687,32,PHILOSOPHICAL SOCIETY OF WASHINGTON,2121 MASSACHUSETTS AVE NW,,20008-3639,C/O COSMOS CLUB,,710000,005500,2
-77.0557817852799,38.9102865003292,33,CHAPTERS LITERARY ARTS CENTER,2700 Q ST NW,219-A,20007-5007,TERRI MERZ,,710000,000100,2
-77.03700930268,38.9215886052524,34,DC POETRY PROJECT INC,2420 16TH ST NW,405,20009-3504,MICHAEL ANTHONY INGRAM,,710000,003800,1
-77.0598369842093,38.9031781658612,35,MID-ATLANTIC ASSOCIATION OF MUSEUMS,1025 THOMAS JEFFERSON ST NW,500,20007-5201,,,813920,000100,2
-77.0032999692258,38.8859147614125,36,ANACOSTIA GRACIOUS ARTS PROGRAM,201 C ST SE,,20003-1910,FIRST ROCK BAPTIST CHURCH,,710000,006500,6
-77.0945863593676,38.9207410216586,37,AMERICAN-RUSSIAN EDUCATIONAL CENTER INC,2234 48TH ST NW,,20007-1035,,,710000,000801,3
-77.0625255719708,38.907899747467,38,DUMBARTON CONCERTS INC,3133 DUMBARTON ST NW,,20007-3309,,DUMB,711130,000100,2
-76.9822041633014,38.9409895314197,39,ACADEMY FOR LEARNING THROUGH THE ARTS,1600 TAYLOR ST NE,,20017-3035,PATRICIA MITCHELL,ALTA,611610,009503,5
-77.014387425743,38.9733270539076,40,A SALON LTD,6925 WILLOW ST NW,,20012-2000,,,813219,001702,4
-77.00973244694,38.8790328046103,41,WASHINGTON PROJECT FOR THE ARTS INC,10 I ST SW,,20024-4266,,,712110,010500,6
-77.0557184462483,38.8959192822561,42,JOHN F KENNEDY CENTER FOR THE PERFORMING ARTS,2700 F ST NW,,20566-0002,,,711100,006202,2
-76.9913708816245,38.9343646942594,43,WOMEN IN FILM & VIDEO INC,3628 12TH ST NE,,20017-2546,,HOUGHTON MELISSIA J EX DIR,512110,009301,5
-77.0315489184713,38.8970267006432,44,WASHINGTON PRESS CLUB FOUNDATION INC,529 14TH ST NW,1115,20045-2116,,,712120,005800,2
-77.0214487530495,38.8949876959578,45,NATIONAL NEW PLAY NETWORK LTD,641 D ST NW,,20004-2904,WOOLLY MAMMOTH THEATRE CO,,711110,005800,2
-76.9796865641785,38.8904101151272,46,DC YOUTH ORCHESTRA PROGRAM,1700 E CAPITOL ST NE,,20003-1622,,,813219,008002,6
-76.9966092620398,38.8959322518972,47,MOMENTUM DANCE THEATRE INC,651 E ST NE,,20002-5229,ROBERTA ROTHSTEIN,,711120,008302,6
-77.0492767492161,38.901944358231,48,GLENSTONE MUSEUM FOUNDATION,2200 PENNSYLVANIA AVE NW,800W,20037-1701,MICHAEL G RYAN,,712110,010800,2
-76.9964078859581,38.8934427831554,49,NATIONAL TRUST FOR THE HUMANITIES,232 7TH ST NE,,20002-6087,ROBERT G PERRY,,710000,008302,6
-77.0381181708614,38.9168075282787,50,ART CONNECTION IN THE CAPITAL REGION,1632 U ST NW,,20009-6210,ROBERT DAVIS,,813219,004201,2
-77.0430817096088,38.9083128299884,51,CENTER FOR THE STUDY OF CLASSICAL ARCHITECTURE INC,1350 CONNECTICUT AVENUE NW,210,20036-1722,DAVID NEUMANN,WASHINGTON MIDATLANTIC CPTR OF ICAA,710000,010700,2
-77.0382062932526,38.8998425290273,52,WHITE HOUSE HISTORICAL ASSOCIATION,740 JACKSON PLACE NW,,20006-0000,,,712120,010700,2
-77.0556867115288,38.9361897101092,53,EDUCATIONAL VIDEO IN SPANISH INC,2800 QUEBEC ST NW,1215,20008-1266,,,512110,001302,3
-77.06181165492,38.905757310835,54,ENVIRONMENTAL FILM FESTIVAL IN THE NATIONS CAPITAL,1228 1/2 31ST ST NW,,20007-3431,DONALD DAKIN,,512110,000100,2
-76.9377625740309,38.9038574952653,55,NGOMA CENTER FOR DANCE,1026 45TH ST NE,201,20019-3806,SHAWN L SHORT,,711120,007806,7
-77.0007942181681,38.8849803657551,56,MEDIA AND DEMOCRACY COALITION,309 4TH ST SE,5,20003-2042,BETH MCCONNELL,,510000,006500,6
-76.9620623283344,38.9320197595989,57,BLACK ARTISTS OF DC,3218 CHESTNUT ST NE,,20018-4003,CLAUDIA HUNTER,,710000,011100,5
-76.9921908698496,38.9359797602678,58,THE@SPOKEN WORD,1031 MICHIGAN AVE NE,205,20017-1859,JOY JONES,SPOKEN WORD,710000,009504,5
-76.9845363634449,38.8911125201079,59,BLUES ALLEY JAZZ SOCIETY,1426 A ST NE,,20002-8438,HARRY SCHNIPPER,,711130,008002,6
-77.0430410309365,38.9039527128469,60,ADAMS MEMORIAL FOUNDATION INC,1899 L STREET NW,600,20036-3804,RAFFA PC,,712120,010700,2
-77.056519927326,38.9430375068189,61,LEVINE MUSIC INC,2801 UPTON ST NW,,20008-3829,,,611610,001302,3
-77.0262272862382,38.9027620185567,62,INTERNATIONAL LEAGUE OF CONSERVATION PHOTOGRAPHERS INC,1003 K STREET NW,,20001-4425,,,710000,010100,2
-77.0133715491047,38.9204165831099,63,CRACK,137 ADAMS ST NW,,20001-1610,SHEA VAN HORN,,711100,003301,5
-77.0283926850561,38.8957168832037,64,DALLAS MORSE COORS FOUNDATION FOR THE PERFORMING ARTS TR,1201 PENNSYLVANIA AVE NW,,20004-2401,DORIS BLAZEK-WHITE,,813219,005800,2
-77.0339385124384,38.9028950680696,65,AMERICANS FOR THE ARTS INC,1000 VERMONT AVE NW,6th Floor,20005-4940,R BRENT STANLEY VP FINANCE,,813319,010100,2
-77.0323972697698,38.9032026005122,66,HERITAGE PRESERVATION INC,1012 14TH ST NW,1200,20005-3408,,,712120,010100,2
-77.0233832941082,38.9576461130324,67,ABIA STATE DEVELOPMENT UNION IN THE AMERICAS INC,729 LONGFELLOW ST NW,,20011-3033,SYLVANUS O NNAJI,,710000,002101,4
-77.02057117839,38.9389950894358,68,TEENS N THEATER,543 RANDOLPH ST NW,,20011-5905,KIA FOLSOM,TNT,711110,002400,4
-77.030634920733,38.9124345608318,69,RENOVATION IN MUSIC EDUCATION,1324 R ST NW,3,20009-4344,FRANK KLEIN,,611610,005001,2
-77.0510982814856,38.9138996364118,70,TEXTILE MUSEUM OF D C,2320 S ST NW,,20008-4088,,,710000,004100,2
-77.0201914771912,38.9040241172019,71,ERITREAN CULTURAL & CIVIC CENTER,600 L ST NW,,20001-3615,,,710000,004802,6
-77.1024184916917,38.9393716349316,72,NATIONAL ARTS TREASURE INITIATIVE INC,3815 52ND ST NW,,20016-1923,TIMOTHY E STRONG,,710000,000901,3
-77.0545047818709,38.9029511522748,73,TRANCE TEHILLIM MUSIC FOUNDATION,1001 26TH ST NW,605,20037-1604,HARPAUL ALBERTO KOHLI,,711130,005600,2
-77.028458596489,38.8991482434237,74,CHAMBER DANCE PROJECT,700 12TH ST NW,700,20005-4052,DIANE COBURN BRUNING,,711120,005800,2
-77.0403564940533,38.9016271728602,75,FOUNDATION FOR ART AND PRESERVATION IN EMBASSIES,1725 I ST NW,300,20006-2423,HARRISON WELLFORD,,712120,010700,2
-77.0408189201948,38.8996267959021,76,AMERICAN FRIENDS OF THE GDANSK THEATRE FOUNDATION,1747 PENNSYLVANIA AVE NW,1000,20006-4636,ALAN DYE,,813219,010700,2
-77.0347917263185,38.9470465731709,77,CAPITOL MOVEMENT INC,1500 CRITTENDEN ST NW,,20011-4341,AMBER YANCEY,,711120,002501,4
-76.9202492430908,38.8977744062513,78,SIGN OF THE TIMES CULTURAL WORKSHOP & GALLERY INC,605 56TH ST NE,,20019-6719,SIGN OF THE TIMES,,611610,007807,7
-76.9999665473668,38.8840925020482,79,SWANN FOUNDATION FOR MUSICEDUCATION,413 D ST SE,,20003-2054,MICHELLE VAN CLEAVE,,711130,006500,6
-76.9982150556917,38.8817892239498,80,THE ROBBINS CENTER FOR CROSS CULTURAL COMMUNICATION,530 6TH ST SE,,20003-2705,,,710000,007000,6
-76.9971810199932,38.8377453130833,81,DC CREATIVE WRITING WORKSHOP INC,601 MISSISSIPPI AVE SE,,20032-3862,NANCY J SCWALB,,710000,009804,8
-77.0446085815763,38.9028065321883,82,AMERICAN WRITERS MUSEUM FOUNDATION,1999 K STREET NW,1109,20006-1101,,,712110,010700,2
-76.9889471462853,38.8862057064936,83,OLD GRAND THEATER COMPANY,1236 C ST SE,,20003-1433,WAYNE MOORE,,711110,006700,6
-76.9885699939121,38.8669903082831,84,SOCIAL ART AND CULTURE,1918 MARTIN LUTHER KING AVE SE,,20020-7006,KAREN BAKER,,710000,007503,8
-77.0451424380601,38.9094725071763,85,FEDERAL CITY PERFORMING ARTS ASSOCIATION INC,2000 P ST NW,730,20036-6968,,,711130,005500,2
-76.988302847851,38.8601695586723,86,FREDERICK DOUGLAS GARDENS,1395 MORRIS RD SE,,20020-5235,DIANNE DALE,,712130,007407,8
-77.0294536546678,38.9235824943431,87,SUSPICIOUS CHEESELORDS INC,1236 EUCLID ST NW,,20009-5330,CLIFTON N WEST,,711130,003600,1
-77.077805991144,38.9435719895861,88,SONGWRITERS ASSOCIATION OF WASHINGTON INC,4200 WISCONSIN AVE NW,106 137,20016-2143,,,813920,001002,3
-77.0285913234633,38.9259927944203,89,MILLENNIUM ARTS SALON INC,1213 GIRARD ST NW,,20009-5325,,,710000,003600,1
-77.0276360626673,38.9235291586567,90,FACTORY 449,1112 EUCLID ST NW,B,20009-5328,RICK HAMMERLY,,711110,003600,1
-77.0732577493096,38.9369393275642,91,WASHINGTON BALLET,3515 WISCONSIN AVE NW,,20016-3010,,,711120,000600,3
-77.0328465907587,38.9035550620721,92,MOSAICA INC,1029 VERMONT AVE NW,1000,20005-3530,RACHAEL C GIBSON,,710000,010100,2
-77.0459274810478,38.9083910194175,93,O STREET MUSEUM FOUNDATION,2020 O ST NW,,20036-5912,H H LEONARDS,,712110,005500,2
-77.037898166047,38.9029302443855,94,ARTOMATIC INC,1629 K ST NW,300,20006-1631,GEORGE KOCH,,710000,010700,2
-77.0374534052983,38.904276776594,95,FUTURE OF MUSIC COALITION INC,1615 L ST NW,520,20036-5608,MICHAEL M BRACY,,711130,010700,2
-77.0545490375051,38.9236000490042,96,KINDLER CELLO SOCIETY OF WASHINGTON INC,2501 CALVERT ST NW,101,20008-2604,RONALD M COSTELL MD,,711130,000501,3
-77.026487715574,38.8987190080648,97,DC ARTS AND HUMANITIES EDUCATION COLLABORATIVE INC,1001 G ST NW,,20001-4545,D C COMMISSION ON THE ARTS,,710000,005800,2
-77.0575291801514,38.9368001210836,98,ANNE FRANK HOUSE INC,2850 QUEBEC ST NW,,20008-5200,ADAS ISRAEL CONGREGATION,,712120,001302,3
-77.0425682422609,38.8989449591813,99,WORLD BANK FAMILY NETWORK BOOK PROJECT,1818 H ST NW,,20433-0001,VILAYKHAM PHOMSOUVANH,,511100,010800,2
-77.0739089740694,38.944176632638,100,PUNDIT PRODUCTIONS INC,3731 VEAZEY ST NW,,20016-2248,MELINDA WITTSTOCK,,513120,001200,3
-77.0442768508474,38.918491446437,101,WASHINGTON SOCIETY OF THE ARCHAEOLOGICAL INSTITUTE OF AMERIC,1870 WYOMING AVE NW,601,20009-1802,VALERIE FRENCH,,710000,004002,1
-77.0528346150721,38.9164814642925,102,SHERIDAN KALORAMA HISTORICAL ASSOCIATION INC,2401 TRACY PL NW,,20008-1628,HOLLY SUKENIK,, ,004100,2
-77.0369121748211,38.912172044912,103,LAOTIAN AMERICAN NATIONAL ALLIANCE,1628 16TH STREET NW,2nd Floor,20009-3064,C/O NCSC,,710000,005301,2
-77.0257421431336,38.9065138353005,104,LAGODI FOUNDATION FOR THE ARTS INC,1219 10TH ST NW,,20001-4213,PATRICK DIBATTISTA,,813219,004902,2
-77.0269767061685,38.9821677532216,105,AFRICAN HERITAGE FOUNDATION INC,7600 GEORGIA AVENUE NW,,20012-1616,,,710000,001600,4
-77.0410069701851,38.8956816066834,106,WHITE HOUSE COMMISSION ON THE NATIONAL MOMENT OF REMEMBRANCE,1750 NEW YORK AVE NW,1776,20006-5301,CARMELLA LASPADA,,712120,010800,2
-77.0591229788601,38.9361169469021,107,EDUCATION WRITERS ASSOCIATION,3516 CONNECTICUT AVENUE NW,,20008-2401,,,813920,000600,3
-77.029163689541,38.9000564726818,108,NATIONAL MUSEUM OF WOMEN IN THE ARTS INC,1250 NEW YORK AVE NW,,20005-3970,,,712110,005800,2
-77.0518567945938,38.9065022797878,109,LAYALINA PRODUCTIONS INC,1250 24TH STREET NW,,20037-1124,RICHARD FAIRBANKS,,513120,005500,2
-77.0248142489934,38.9449285670639,110,LAMONT PRODUCTIONS INC,834 ALLISON ST NW,,20011-7112,DOLORES SMITH,,512110,002400,4
-77.0348476897016,38.9142766666445,111,WOODLEY ENSEMBLE,1503 S ST NW,,20009-3821,FRANK ALBINDER,,711130,004300,2
-77.1079594069678,38.9265345784685,112,MBARI INSTITUTE FOR CONTEMPORARY AFRICAN ART INC,5319 POTOMAC AVE NW,,20016-2551,,,611610,000902,3
-77.0263304676995,38.9464526171861,113,DANIEL PHOENIX SINGH & COMPANY,4607 GEORGIA AVE NW,,20011-7127,DANIEL PHOENIX SINGH,DAKSHINA,710000,002201,4
-77.0215489033678,38.9197349621673,114,THE ASSOCIATION FOR THE STUDY OF AFRICAN AMERICAN LIFE AND HISTORY,2225 GEORGIA AVENUE NW,331,20059-1014,,,712120,003400,1
-77.0597640298048,38.9037689712311,115,THE GEORGETOWN WATERFRONT ARTS COMMISION,1055 THOMAS JEFFERSON ST NW,,20007-5259,,,710000,000100,2
-77.0670567082985,38.9128611034771,116,AMERICAN FRIENDS OF BLACK STORK,3331 RESERVOIR RD NW,,20007-2312,JAMES F WARREN,,813219,000202,2
-77.0786904236629,38.9141147451792,117,FRENCH-AMERICAN CULTURAL FOUNDATION,4101 RESERVOIR RD NW,,20007-2130,SILVERSTEIN AND MULLENS A DIVISIO,,710000,000802,2
-77.008608941939,38.9043128214337,118,NATIONAL PUBLIC RADIO INC,1111 NORTH CAPITOL ST NE,,20002-0000,EMMA CARRASCO,,513110,010600,6
-76.9964020327634,38.881499292229,119,DANCE METRODC INC,545 7TH ST SE,,20003-2738,,,711120,007000,6
-77.0340100445258,38.9491896928821,120,WASHINGTON JAZZ ART INSTITUTES,1409 DELAFIELD PL NW,,20011-4346,DAVEY S YARBOROUGH,,711130,002002,4
-77.0193523346748,38.8931322478012,121,NEWSEUM INC,555 PENNSYLVANIA AVENUE NW,,20001-2114,NEWSEUM INC,,510000,005900,2
-77.0181032822616,38.957264288774,122,GIRLS ROCK DC INC,5524 4TH ST NW,,20011-6510,MICHELLE RUSH,,711130,002102,4
-77.0373940919931,38.9226441683207,123,18TH STREET SINGERS,2480 16TH ST NW,802,20009-6706,FIRST TRINITY LUTHERAN CHURCH,,711130,003800,1
-77.023714966501,38.896526517572,124,FOUNDATION FOR THE INTERNATIONAL MUSEUM FOR WOMEN IN,505 9TH ST NW,1000,20004-2166,,,712110,005800,2
-77.0255706293652,38.8976413617159,125,CULTURECAPITAL,975 F ST NW,,20004-1454,,,710000,005800,2
-76.9638043279714,38.8727196506834,126,DC ANIME CLUB,3013 O ST SE,,20020-3618,CHRIS WANAMAKER,,710000,009901,7
-77.0323379989195,38.9095050391436,127,TRANSFORMER INC,1404 P ST NW,,20005-1908,VICTORIA REIS,,813219,005201,2
-76.9863259169827,38.9000087764531,128,NDIBEM THEATRICAL DANCE PRODUCTION COMPANY INC,1361 H ST NE,,20002-4406,JUNE WILSON,,711120,008402,6
-77.0496073058058,38.9121135647078,129,PILLARS OF GREEK CULTURE,2217 MASSACHUSETTS AVE NW,,20008-2847,ZOE KOSMIDOU,,710000,004100,2
-76.9343530019988,38.8988757175175,130,WARD 7 ARTS COLLABORATIVE INC,4645 NANNIE HELEN BURROUGHS AVE NE,,20019-3622,WANDA AIKENS,,611610,007804,7
-76.9946107399779,38.8820986415595,131,SHAKESPEARE THEATRE,516 8TH ST SE,,20003-2834,KMPQ PEAT MARWICK,,711110,007000,6
-76.9945648825552,38.9303601535627,132,COYABA DANCE THEATER INC,3225 8TH ST NE,,20017-3502,SYLVIA HALL,,711120,009201,5
-77.0039012445157,38.8834350948928,133,ASIAN PACIFIC ISLANDER AMERICAN ASSOCIATION OF COLLEGES AND UNIVER,144 E ST SE,,20003-2613,RUBY G MOY,,710000,006500,6
-77.0197125698413,38.9281792361393,134,HOLLOWAY VENTURES VISUAL ARTS & ACADEMIC INSTITUTE,415 HOBART PL NW,,20001-2911,RANDALL C HOLLOWAY,HOLLOWAY VENTURES,611610,003200,1
-77.0772568437992,38.9368018983668,135,ART ON CALL COMMITTEE,3551 39TH STREET NW,B-512,20016-3074,JANET D TENNILLE,,710000,001002,3
-77.0732233421474,38.93128969959,136,THE BRITISH PLAYERS,3130 WISCONSIN AVE NW,319,20016-5014,JOHN B NICOL,,711110,000701,3
-77.0779091461536,38.928400135774,137,CAPITAL CITY PLAYERS OF WASHINGTON DC,3900 CATHEDRAL AVE NW,506A,20016-5296,CHRISTOPHER TULLY,,711110,000701,3
-77.1028384069172,38.9275044386419,138,ALLIANCE FOR NEW MUSIC-THEATRE,2807 N GLADE ST NW,,20016-3422,SUSAN K GALBRAITH,,711130,000902,3
-77.0429213238888,38.9078941809996,139,AMERICAN OVERSEAS MEMORIAL DAY ASSOCIATION FOUNDATION,1330 CONNECTICUT AVENUE NW,,20036-1704,STEPTOE & JOHNSON LLP,,712120,010700,2
-77.0544576873068,38.9269002897448,140,MUSICIANSHIP INC,2621 GARFIELD ST NW,,20008-4103,JEFFREY TRIBBLE,THE MUSICIANSHIP,711130,000502,3
-76.9714779436696,38.9323071890271,141,STEWART MUSICAL PRODUCTIONS LTD,2406 LAWRENCE ST NE,,20018-2916,JAY D BROCK,LIMELIGHT,711130,009400,5
-77.0830951679373,38.9350920810328,142,LAUREL FUND FOR THE PERFORMING ARTS INC,4200 MASS AVE NW,713,20016-4734,ELVI MOORE,,711100,000801,3
-76.9738345444896,38.9304831974822,143,ART ENABLES,2204 RHODE ISLAND AVE NE,,20018-2827,,,710000,009400,5
-77.0419468718915,38.9157680059646,144,DC COWBOYS DANCE COMPANY INC,1801 T ST NW,D,20009-0000,KEVIN PLATTE,,711120,004202,2
-77.084089425842,38.9583891387578,145,CHORAL ARTS SOCIETY OF WASHINGTON,5225 WISCONSIN AVE NW,603,20015-2024,NORMAN SCRIBNER,,711130,001100,3
-77.0349227390632,38.9224889088633,146,VIETNAMESE-AMERICAN COMMUNITY SERVICE CENTER INC,2437 15TH ST NW,B,20009-4101,HIEN VU,,710000,003700,1
-77.0315766435372,38.8992683344036,147,INTER-AMERICAN CULTURE AND DEVELOPMENT FOUNDATION,1350 NEW YORK AVE NW,,20577-0008,MARIA ELENA SCHACKNIES,,813219,005800,2
-77.0291463641296,38.9033892091193,148,MOROCCAN-AMERICAN CULTURAL CENTER INC,1220 L ST NW STE,411,20005-4018,EDWARD M GABRIEL,,710000,010100,2
-77.0452601851886,38.9029950066311,149,THE US FEDERATION OF FRIENDS OF MUSEUMS,2001 K ST NW STE,400,20006-1040,JOHN W BARNUM,,813219,010700,2
-77.0457870966507,38.9034153113743,150,WASHINGTON PERFORMING ARTS SOCIETY,2000 L ST NW STE,510,20036-4918,,,711100,010700,2
-77.0164474782315,38.8929983781618,151,THE HISTORICAL SOCIETY OF THE DISTRICT OF COLUMBIA CIRCUIT,333 CONSTITUTION AVE NW,4826,20001-2850,DANIEL M GRIBBON ESQ US CT HOUSE,, ,005900,2
-77.0350301194191,38.9053913211368,152,CHORUS AMERICA ASSOCIATION,1156 15TH ST NW,310,20005-1747,,,813920,010100,2
-77.0438698046737,38.9016477065628,153,ARTISTS AND ATHLETES ALLIANCE,900 19TH ST NW,8th Floor,20006-2105,STEVEN ROSS,,813319,010700,2
-77.0413498721324,38.9031577057153,154,AMERICAN AUSTRIAN CULTURAL SOCIETY,1015 18TH ST NW,210,20036-5217,STEVEN SCHOTT,,710000,010700,2
-77.0928723067046,38.9517209650445,155,NOTEBUSTERS,4720 47TH ST NW,,20016-4439,SHELLIE WOOD,,710000,001001,3
-77.0230945000765,38.9255709794186,156,POSITIVE PRODUCTIONS INC,2714 GEORGIA AVE NW,,20001-3817,C/O SHIRIKIANA GERIMA,,711100,003500,1
-77.0453307941797,38.9136005973297,157,VIETNAM WOMENS MEMORIAL FOUNDATION INC,1735 CONNECTICUT AVE NW,3,20009-1187,,,712120,004202,2
-77.0348270498355,38.9147483493366,158,DCENTER INC,1504 SWANN ST NW,,20009-3942,JULIAN HUNT,,511100,004300,2
-77.0359563331379,38.917220975356,159,CONGRESSIONAL CLUB MUSEUM AND FOUNDATION,2001 NH AVE NW,,20009-3414,,,712110,004300,1
-77.0159731542232,38.9156623800431,160,ROBERT AND MARY CHURCH TERRELL HOUSE AND LEDROIT PARK MUSEUM,1862 3RD ST NW,,20001-1888,ALICE AUGHTRY,,712110,003400,1
-77.0781087331118,38.9168828573239,161,ACCENT RADIO AND TELEVISION PRODUCTIONS INC,4016 HIGHWOOD CT NW,,20007-2131,ZOHREH RASTEGAR,,513120,000300,2
-76.9898426402752,38.8664781174801,162,THEATER ALLIANCE OF WASHINGTON DC,2020 SHANNON PL SE,,20020-5729,COLIN HOVDE,,711110,007503,8
-77.0590287447914,38.9075572674126,163,CENTRAL AND EASTERN EUROPEAN ART FOUNDATION,2920 DUMBARTON ST NW,,20007-3337,,,813219,000100,2
-77.0631622190391,38.9050170927216,164,CITY TAVERN PRESERVATION FOUNDATION,3206 M ST NW,,20007-3615,,, ,000202,2
-77.0397427304576,38.8958544638219,165,TRUSTEES OF THE CORCORAN GALLERY OF ART,500 17TH ST NW,,20006-0000,,,712110,010800,2
-77.0359945077724,38.9444210147767,166,WASHINGTON MOSAIC,4401 16TH ST NW,,20011-7013,,,710000,002501,4
-77.0379927398469,38.9573290608852,167,THE TAKOMA MANDOLEERS,1623 KENNEDY PL NW,,20011-6826,CYNTHIA NORDONE TREASURER,,711110,002001,4
-77.0472004906419,38.8999021195183,168,MAIDA WITHERS AND THE DANCE CONSTRUCTION COMPANY,800 TWENTY FIRST ST NW,220,20052-0028,MAIDA WITHERS,,711120,010800,2
-77.0457342686414,38.9015761858231,169,ARTS CLUB OF WASHINGTON,2017 I ST NW,,20006-1804,,,712120,010700,2
-77.0388286541894,38.9033707176814,170,DAILY CALLER NEWS FOUNDATION,1050 17TH ST NW,900,20036-5513,NEIL PATEL,,511100,010700,2
-77.038993789894,38.9011317255116,171,MARITIME ARCHAEOLOGICAL AND HISTORICAL SOCIETY,1634 EYE STREET NW,205,20006-4020,EARL F GLOCK,LEFFANT PLAZA,710000,010700,2
-77.0221795499457,38.8955840936136,172,AFRICAN AMERICAN HERITAGE PRESERVATION FOUNDATION INC,420 7TH ST NW,501,20004-2211,E RENEE INGRAM,, ,005800,2
-77.0130688581615,38.8927929637844,173,WASHINGTON POLITICAL FILM FOUNDATION,101 CONSTITUTION AVE NW,710E,20001-2133,,,512110,005900,6
-77.0408035871781,38.906094891353,174,AMERICAN PATRONS OF THE PINAKOTHEK TRUST,1201 CONNECTICUT AVE NW,200,20036-2636,RUBIN WINSTON,,813219,010700,2
-76.9988666515948,38.9280475704278,175,WASHINGTON THEOLOGICAL CONSORTIUM,3025 4TH ST NE,,20017-1101,,,710000,009201,5
-77.036895221838,38.9411390140854,176,JOURNEYMEN THEATER ENSEMBLE INC,4100 16TH ST NW,,20011-7004,DEBORAH KIRBY,,711110,002600,4
-77.0126528300455,38.880996804572,177,SHEN ZHOU FILM STUDIO,106 G ST SW,,20024-4303,JINWEI WANG,,512110,010500,6
-77.0323513290644,38.9312921254959,178,ASIAN PACIFIC AMERICAN FILM INC,1380 MONROE ST NW,506,20010-3452,ERIC PALER,,512110,002900,1
-77.065074607665,38.9101443167955,179,NATIONAL CONSERVATORY OF DRAMATIC ARTS,1556 WISCONSIN AVE NW,,20007-2758,CLAUDIA H DULMAGE,,611610,000202,2
-76.9928988347115,38.8814630982725,180,EAST CITY ART FOUNDATION INC,922 G ST SE,,20003-2818,PHILIP HUTINET,,813219,007000,6
-76.9907770381214,38.9332458175339,181,YOUNG PLAYWRIGHTS THEATER INC,3523 12TH STREET NE,2nd Floor,20017-2561,,,711110,009301,5
-77.0262856943721,38.8967040627612,182,FORD S THEATRE SOCIETY,514 10TH STREET NW,,20004-1407,,,711110,005800,2
-77.03108432435,38.8980489142668,183,ARMENIAN GENOCIDE MUSEUM AND MEMORIAL INC,1334 G ST NW,200,20005-3118,JOHN J WATERS JR,,712110,005800,2
-77.0175535196713,38.8977625627772,184,NATIONAL BUILDING MUSEUM,401 F STREET NW,,20001-2637,,,712110,005900,2
-76.9828955644095,38.9058721336026,185,CIRCLE OF WORLD ART INC,1343 CHILDRESS ST NE,,20002-2515,JACQUELINE BOWLES,,711120,008804,5
-76.9651080044026,38.865432964826,186,THE DOUBLE NICKELS THEATRE COMPANY INC,2909 PARK DR SE,,20020-3348,ANTOINETTE FORD,,711110,007604,7
-77.0534762378258,38.9262300736953,187,AMERICAN KURDISH INFORMATION NETWORK,2722 CONNECTICUT AVE NW,42,20008-5316,KANI XULAM,,710000,000502,3
-77.0468819006129,38.9040107798711,188,THE AMERICAN ARCHITECTURAL FOUNDATION INC,2101 L STREET NW,,20037-1526,,,710000,010700,2
-77.034217558177,38.9039408567305,189,ASPEN ARTS FOUNDATION,1101 15TH ST NW,202,20005-5002,,,813219,010100,2
-77.0361782175509,38.904071067309,190,CITYDANCE ENSEMBLE INC,1111 16TH ST NW,300,20036-4830,,,711130,010100,2
-77.0403523743602,38.90351523583,191,NATIONAL HISPANIC FOUNDATION FOR THE ARTS,1050 CONNECTICUT AVE NW,10th Floor,20036-0000,,,710000,010700,2
-77.0653631930319,38.934431052729,192,EDUCATIONAL FILM CENTER,3314 NEWARK ST NW,,20008-3330,,,512110,000600,3
-77.051890012836,38.9249045839727,193,GLOBAL ALLIANCE FOR ARTS & HEALTH,2647 CONNECTICUT AVE NW,,20008-1500,,,611610,000501,3
-77.0923728483618,38.951609658107,194,PHILIPPINE ARTS LETTERS AND MEDIA COUNCIL INC,4715 47TH ST NW,,20016-4438,MALCOLM CHURCHILL,,710000,001001,3
-77.0211905276896,38.8934147916317,195,MEMORIAL FOUNDATION,633 PENNSYLVANIA AVE NW,3rd Floor,20004-2605,RICHARD MARSHALL,,710000,005800,2
-77.0554969086582,38.8996515535527,196,LAWYERS COMMITTEE FOR CULTURAL HERITAGE PRESERVATION,2600 VIRGINIA AVE NW,1000,20037-1922,NATIONAL TRUST FOR HISTORIC PRESE,,710000,005600,2
-77.0278467287953,38.8954160450644,197,PENTAGON MEMORIAL FUND INC,1111 PENNSYLVANIA AVE NW,,20004-2541,THE WEBSTER GROUP,,712120,005800,2
-77.0148516995185,38.8975620510383,198,FESTA ITALIANA FOUNDATION OF WASHINGTON DC,595 3RD ST NW,,20001-2703,FESTA ITALIANA FND OF WA DC,,710000,005900,2
-77.0098275297491,38.8958298226927,199,NATIONAL CONFERENCE OF STATE HISTORIC PRESERVATION OFFICERS,444 N CAPITOL ST NW,342,20001-1538,,,813920,005900,6
-77.0494910881532,38.9167584031684,200,AMERICAN INITIATIVE FOR ITALIAN CULTURE,2206 WYOMING AVE NW,,20008-3908,MARIA GLIOZZI,,710000,004100,2
-77.0467697701492,38.9176181083594,201,CAPITALBOP INC,2029 CONNECTICUT AVE NW,,20008-6142,GIOVANNI RUSSONELLO,,711130,004001,1
-77.0420418336133,38.9094409637521,202,WADSWORTH-SULGRAVE HISTORIC PRESERVATION FOUNDATION,1801 MASS AVE NW,,20036-1804,DIANE POWERS,, ,005301,2
-77.0210954711428,38.9153469964039,203,HOWARD THEATRE RESTORATION INC,620 T ST NW,,20001-5117,TREASURER,,711110,004801,1
-77.038857478064,38.9128763168029,204,VA-NATIONAL MEDICAL MUSICAL GROUP,1700 17TH ST NW,508,20009-2498,VICTOR S WAHBY,,711130,005301,2
-77.0742702148351,38.9632760134606,205,HEXAGON INC,5505 CONNECTICUT AVENUE NW,,20015-2601,SHARON DYER,,711110,001401,3
-77.0738272618528,38.9626260780469,206,ART OF STEWARDSHIP INC,5431 CONNECTICUT AVE NW,101,20015-0000,BRAD CLARK,,710000,001401,3
-77.0755408509689,38.9623296027608,207,BOSNIAN HANDICRAFTS INC,3813 LEGATION ST NW,,20015-2701,PEGGY BARRY,,710000,001100,3
-77.0762442026679,38.9654369040425,208,ART AND REMEMBRANCE INC,5614 CONNECTICUT AVENUE NW,131,20015-2604,,,710000,001100,3
-77.0727745135083,38.9218371000539,209,WASHINGTON SAENGERBUND,2434 WISCONSIN AVE NW,,20007-1845,RUDOLPH BECKER,,710000,000300,3
-77.0042850517451,38.9274860991151,210,PAN AMERICAN SYMPHONY ORCHESTRA,125 MICHIGAN AVE NE,,20017-1004,MAUREEN A DUNN,,711130,009201,5
-77.0858795632246,38.9322217328198,211,DC INDEPENDENT FILM FESTIVAL,3115 44TH ST NW,,20016-3552,CAROL BIDAULT,,512110,000801,3
-77.044690579992,38.9098460768191,212,DUPON FESTIVAL,9 DUPONT CIR NW,,20036-1108,MICHAEL FELDSTEIN,DUPONT FESTIVAL,713990,005500,2
-77.0451529938602,38.9117768375173,213,ATLAS PREFORMING ARTS CENTER,1614 20TH ST NW,,20009-1001,JANE LANG,,711100,005500,2
-77.0468545459039,38.9115097908616,214,PHILLIPS COLLECTION,1600 21ST ST NW,,20009-1003,,,712110,005500,2
-77.1049634831439,38.9270037585915,215,MOVING FORWARD CONTEMPORARY ASIAN AMERICAN DANCE CO,2745 ARIZONA AVE NW,,20016-2538,,,711120,000902,3
-77.0201960525404,38.9429415074653,216,WASHINGTON GIRLS CHORUS,29 GRANT CIR NW,,20011-4601,JONATHAN WILLEN,,711130,002400,4
-77.0203604205083,38.8771256190821,217,WASHINGTON DRAMA SOCIETY INC,1101 6TH ST SW,,20024-2605,,,711110,010200,6
-76.9976702930746,38.8877489814122,218,ARTISTS BLOC,626 INDEPENDENCE AVE SE,102,20003-1253,ROY A GROSS,,611610,006600,6
-76.9997388789413,38.9261199762463,219,THE SANCTUARY THEATRE,2814 5TH ST NE,,20017-1301,ELIZABETH BRUCE,,711110,009201,5
-76.9909373489658,38.9015246112867,220,SL DANCE AND PERFORMANCE ARTS ACADEMY INC,1112 I STREET NE,,20002-7145,SHAKEYUA HINES,,611610,008410,6
-77.0635636913537,38.9090573005935,221,STATES OF MINDS,3206 P ST NW,,20007-2744,LYSBETH SHERMAN,,512110,000100,2
-77.0787812957363,38.9394903087854,222,FRIDAY MORNING MUSIC CLUB FOUNDATION INCORPORATED,3820 39TH ST NW,D-118,20016-2831,FRANK CONLON,,813219,001002,3
-76.9930779098656,38.9577918386356,223,YOUTH IN THE ARTS-IMAGINE,855 OGLETHORPE ST NE,,20011-2736,N/A,,611610,009507,4
-77.0519632877906,38.898538844291,224,NATIONAL MENS CHORUS,2401 VIRGINIA AVE NW,,20037-2637,WESTERN PRESBYTERIAN CHURCH,,711130,005600,2
-77.0350025865791,38.9239947161979,225,ORFELIN CIRCLE,2633 15TH ST NW,10,20009-4669,SVETLANA DOROSLOVACKI,,710000,003700,1
-77.0354717637617,38.9016133539118,226,AMERICAN ASSOCIATION OF MUSEUMS,1575 EYE STREET NW,400,20005-1113,,,813920,010100,2
-77.0825842752703,38.9537526645372,227,DC ARTIST COLLECTIVE INC,4908 WISCONSIN AVE NW,,20016-4153,NANCY NEWELL,,813219,001001,3
-77.0249121045254,38.8981244424115,228,AMBASSADOR THEATER INTERNATIONAL CULTURAL CENTER,916 G STREET NW,,20001-4571,HANNA BONDAREWSKA,,711110,005800,2
-77.030405041011,38.8976227271703,229,DC FILM ALLIANCE,1317 F ST NW,920,20004-1151,JONATHAN GANN,,512110,005800,2
-77.0291081431682,38.8995676928653,230,CULTURAL TOURISM DC INC,1250 H STREET NW,,20005-3952,DOWNTOWN D C BUSINESS IMPROVEMENT,,712120,005800,2
-77.0236459182447,38.8954553466453,231,CORPORATION FOR PUBLIC BROADCASTING,401 9TH STREET NW,,20004-2128,WILLIAM P TAYMAN JR,,510000,005800,2
-77.0426465203807,38.9066625700117,232,STONE SOUP PRODUCTIONS INC,1823 JEFFERSON PL NW,,20036-2504,,,512110,010700,2
-77.0424362755085,38.9028694991423,233,WOMENS MEDIA CENTER,1825 K ST NW,400,20006-1254,EQUALITY NOW,,514120,010700,2
-77.0941045936485,38.9503817997427,234,REEL VIDEO,4619 48TH ST NW,,20016-4442,,,512110,001001,3
-77.0829388582766,38.929715942396,235,AMERICAN YOUTH SYMPHONY,4200 CATHEDRAL AVE NW,1016,20016-4933,,,711130,000801,3
-77.041262284137,38.9113907374479,236,ALT WASHINGTONIA,1601 18TH STREET NW,,20009-2529,C/O MIKE LEGGETT,SCHUHPLATTLER VEREIN ALT WSHG INC, ,005301,2
-77.0421489215843,38.9312332412432,237,COMPANY E INC,1814 LAMONT ST NW,,20010-2604,PAUL GORDON EMERSON,,711120,002702,1
-77.0263112599611,38.9347621094386,238,PARAGUAYAN CULTURAL CENTER INC,3618 ROCK CREEK CHURCH ROAD NW,,20010-1677,SADY ACOSTA,,710000,002900,1
-77.0391235030823,38.9209235524683,239,PATRICIA M SITAR CENTER FOR THE ARTS,1700 KALORAMA RD NW,101,20009-3574,RHONDA M BUCKLEY,,710000,003800,1
-77.070889791516,38.966991223242,240,ART RESOURCES INTERNATIONAL,5813 NEVADA AVE NW,,20015-2547,,,541618,001401,3
-77.0613702746751,38.9044988062178,241,TEXTILE RENTAL EDUCATION AND RESEARCH TRUST,1054 31ST STREET NW,,20007-4403,STEVEN JOHN FELLMAN TRUSTEE,,710000,000100,2
-77.0151123717927,38.9618451433586,242,TAP AND ALL THAT INCORPORATED,5910 2ND PL NW,,20011-2208,RITA MICHELLE WILSON,,710000,001902,4
-77.0330541726489,38.9491941108805,243,THEATER UNLIMITED DC,1401 DELAFIELD PL NW,,20011-4346,CHRISTOPHER GERKEN,,711110,002002,4
-77.0331488919017,38.9532039373675,244,CHOWAN DISCOVERY GROUP INC,5203 14TH ST NW,,20011-6929,MARVIN T JONES,,710000,002002,4
-77.0339137652405,38.9427430326026,245,ARIA CLUB OF GREATER WASHINGTON,1414 VARNUM ST NW,,20011-7028,ARIA CLUB OF GREATER WASHINGTON,,710000,002501,4
-77.0196832625978,38.9143425431073,246,VENEZUELAN SOUNDS FOUNDATION,1807 6TH ST NW,,20001-5107,TIMI GERSON,,711130,004801,6
-77.0564529839265,38.9753106273128,247,BRIDGING THE GAP,6451 31ST ST NW,,20015-2341,SULTANA MILLER,,510000,001500,4
-77.0472423414755,38.9124227202481,248,STUDIO GALLERY ASSOCIATION INC,2108 R ST NW,,20008-1900,,,710000,005500,2
-77.0375789759548,38.9093496984862,249,PINCHOT INSTITUTE FOR CONSERVATION,1616 P ST NW,100,20036-1432,V ALARIC SAMPLE,,514120,005301,2
-77.02734165718,38.9048695378433,250,THE ESSENTIAL THEATRE,1112 11TH ST NW,100,20001-4301,S ROBERT MORGAN,,711110,005002,2
-77.0195626387342,38.8933146322873,251,MCLEAN DRAMA COMPANY,565 PENNSYLVANIA AVE NW,602,20001-4935,RACHAEL BAIL,,711100,005900,2
-77.0284924666229,38.9149365383527,252,IKG CULTURAL CIRCLES INC,1816 12TH ST NW,,20009-4422,ANTHONY T BROWDER,IKG CULTURAL CIRCLES,712110,004400,1
-77.027517360033,38.9168555473646,253,TAYITU ENTERTAINMENT INC,1108 U STREET NW,2nd Floor,20009-4441,ALEMTSEHAY WEDAJO,,710000,004400,1
-77.0223822955259,38.8944459376541,254,US NAVY MEMORIAL FOUNDATION,701 PENNSYLVANIA AVE NW,123,20004-2688,,,712120,005800,2
-77.0460327512862,38.9005214599138,255,HUNGRY FOR MUSIC INC,2020 PENNSYLVANIA AVE NW,384,20006-1811,,,711130,010800,2
-77.0217137359628,38.8956599415069,256,WASHINGTON ARCHITECTURAL FOUNDATION,421 7TH ST NW,,20004-2229,MARY FITCH,,710000,005800,2
-77.0252666886966,38.9020233648507,257,TOUCHSTONE FOUNDATION FOR THE ARTS,901 NEW YORK AVENUE NW,,20001-4432,KSENIA GRISHKOVA,,813219,010100,2
-77.0326885373941,38.8866887377337,258,UNITED STATES HOLOCAUST MEMORIAL COUNCIL,100 RAOUL WALLENBERG PL SW,,20024-2126,,,712110,006202,2
-76.9246665900607,38.8894943189626,259,MULTI-MEDIA TRAINING INSTITUTE,5327 E CAPITOL ST SE,,20019-6613,LYN DYSON,,611610,009903,7
-76.9838587787215,38.895883261663,260,AMERICAN MUSEUM OF PEACE INC,438 15TH ST NE,,20002-5568,JEANNE AND RICHARD BOARDMAN,,712110,008001,6
-77.0329606642369,38.9316136419386,261,DANCE INSTITUTE OF WASHINGTON INC,3400 14TH ST NW,,20010-3514,,,611610,002802,1
-76.9694606478473,38.851214744752,262,STR8-N-UP PRODUCTIONS,2627 JASPER ST SE,5,20020-2022,KATHY JUDKINS-WRIGHT,,711110,007408,8
-77.070882367451,38.930523814819,263,CATHEDRAL CHORAL SOCIETY OF WASHINGTON DC WASHINGTON CATHEDRAL,3101 Wisconsin Ave NW,,20016-0000,,,711130,000400,3
-77.0398267662522,38.8993440956392,264,VERNISSAGE FOUNDATION,1701 PENN AVE NW,300,20006-5813,DANIEL MCGROARTY,,712110,010700,2
-77.0008386927115,38.9135464199053,265,BEYOND MASK EXPRESSIONS,336 RANDOLPH PL NE,,20002-2141,,,711100,008702,5
-76.9952232005702,38.9302338858029,266,DC WHEEL PRODUCTIONS INC,725 KEARNY ST NE,,20017-3515,,DANCE PLACE,611610,009201,5
-76.9886530926546,38.9284133933899,267,ARTS GROUP,1249 IRVING ST NE,,20017-2428,JOHNNY WEST,JOHN AUTHOR,710000,009301,5
-77.0565471218693,38.9307716114159,268,PATRONS OF THE ARTS IN THE VATICAN MUSEUMS,3100 CONNECTICUT AVE NW,344,20008-5127,RONALD MARCHESSAULT,,712110,000502,3
-77.042696300186,38.9216213477626,269,DISTRICT OF COLUMBIA ARTS CENTER INC,2438 18TH ST NW,,20009-2004,,,710000,004002,1
-77.0229450507893,38.9026295658455,270,HISTORICAL SOCIETY OF WASHINGTON DC,801 K ST NW,,20001-3746,,, ,005800,2
-77.0338196371861,38.9030828366849,271,WASHINGTON BACH CONSORT,1010 Vermont Avenue NW,202,20005-0000,,,711130,010100,2
-77.0468774399988,38.9070471369603,272,NOW & NEXT DANCE MENTORING PROJECT,1280 21ST ST NW,301,20036-2378,ASHLEY THORNDIKE,,711120,005500,2
-77.0476512719352,38.9058135806387,273,PUBLIC MEDIA PLATFORM,1200 NEW HAMPSHIRE AVE NW,,20036-6802,KRISTIN CALHOUN,,510000,005500,2
-76.9461347973169,38.9052248894429,274,WASHINGTON ENRICHMENT & CULTURAL ARTS NETWORK,1145 40TH ST NE,,20019-1902,JOHNICE GALLOWAY-MILLER,,813219,009601,7
-77.0264942007106,38.9326283610477,275,NICH CULTURAL ARTS,770 PARK RD NW,,20010-1518,AKUA K ALLRICH,,710000,003100,1
-77.0209928518981,38.9765028075999,276,TAKOMA THEATRE CONSERVANCY,7124 PINEY BRANCH RD NW,,20012-1838,,LORETTA NEUMANN,711110,010300,4
-77.0273916118433,38.9488175875295,277,JONES-HAYWOOD INC,1200 DELAFIELD PL NW,,20011-4418,JOE GREEN,,611610,002002,4
-77.0411441129855,38.9049954827029,278,BOASBERG HISTORIC PRESERVATION FUND INC,1140 CONNECTICUT AVE NW,1210,20036-4003,TERSH BOASBERG,, ,010700,2
-77.0376043555789,38.9017231293695,279,VICE PRESIDENTS RESIDENCE FOUNDATION,1625 EYE ST NW,,20006-4061,,, ,010700,2
-77.0343148019489,38.8999948071798,280,TURKISH CULTURAL FOUNDATION,1510 H ST NW,900,20005-1014,DR YALCIN AYASLI,,710000,010100,2
-77.0283326682765,38.9167469822608,281,AFRICAN-AMERICAN CIVIL WAR MEMORIAL FREEDOM FOUNDATION,1200 U ST NW,,20009-4443,FRANK SMITH JR,,712120,004400,1
-77.0445450077892,38.9123244177395,282,BALLET TEATRO INTERNACIONAL,1643 CONNECTICUT AVE NW,,20009-1013,,,710000,004202,2
-77.0368814769905,38.9143482892365,283,ACTORS CENTER INC,1810 16TH ST NW,,20009-3304,,,813219,004201,2
-77.0112626594672,38.9115217960372,284,PEOPLE USING EDUCATION AND ARTS TO REALLY IMPROVE THEIR LIVES,42 FLORIDA AVE NW,,20001-1142,KIMBERLY NIONO,PEARLS DC,611610,004600,5
-77.0315860201341,38.9152106774337,285,CONSTELLATION THEATRE COMPANY,1835 14TH ST NW,,20009-4425,ALLISON STOCKMAN,,711110,004400,1
-76.987219242043,38.8999803210818,286,AFRICAN CONTINUUM THEATRE COALITION,1333 H ST NE,,20002-4446,,,711100,008402,6
-77.045148302097,38.9131080018956,287,CULTURAL LANDSCAPE FOUNDATION,1711 CONNECTICUT AVENUE NW,200,20009-1139,CHARLES A BIRNBAUM,,813219,004202,2
-77.0822850937293,38.9601327107888,288,TENLEYTOWN HISTORICAL SOCIETY,5332 42ND ST NW,,20015-1934,J WALDMANN,, ,001100,3
-77.0743544628155,38.9562256436864,289,KNAUER FOUNDATION FOR HISTORIC PRESERVATION,5119 38TH ST NW,,20016-4203,,, ,001100,3
-77.0526196505072,38.9436417119432,290,HILLWOOD MUSEUM AND GARDENS FOUNDATION,4155 LINNEAN AVE NW,,20008-3806,,,712110,001302,3
-77.0302141657999,38.8949473818533,291,TRUST FOR THE NATIONAL MALL,1300 PENNSYLVANIA AVE NW,3,20004-3027,AKRIDGE,,712120,006202,2
-77.020393690231,38.8790153944297,292,DC BLACK HISTORY CELEBRATION COMMITTEE,905 6TH ST SW,302B,20024-3812,,,710000,010200,6
-77.0486742924563,38.9170228706226,293,ALLIANCE FRANCAISE DE WASHINGTON INC,2142 WYOMING AVE NW,,20008-3906,ALLIANCE FRANCAISE OF CHICAGO,,710000,004100,2
-77.0226972486233,38.8992414803297,294,THE WASHINGTON YOUTH CHOIR,733 8TH ST NW,,20001-3721,JOYCE GARRETT,,711130,005800,2
-76.9934030632608,38.8914276594124,295,NATIONAL CIVIC ART SOCIETY,904 MASSACHUSETTS AVE NE,,20002-6228,HOWARD SEGERMARK,,813920,008100,6
-77.0750535590777,38.9633964941365,296,DEFIANT REQUIEM FOUNDATION,5506 CONNECTICUT AVENUE NW,24,20015-2600,,,710000,001100,3
-76.9750933852278,38.8984527092262,297,ASSOCIATION FOR THE PRESERVATION AND PRESENTATION OF THE ARTS INC,2011 BENNING RD NE,,20002-4725,,,813920,007903,7
-77.036901557247,38.9063592328699,298,AMERICAN HELLENIC INSTITUTE FOUNDATION INC,1220 16TH ST NW,,20036-3202,,,710000,010700,2
-77.0237397973536,38.9243413946632,299,EMERGENCE COMMUNITY ARTS COLLECTIVE,733 EUCLID ST NW,,20001-2211,SYLVIA ROBINSON,,710000,003500,1
-76.9729019477399,38.933896232639,300,BLACK WOMEN PLAYWRIGHTS GROUP,2229 NEWTON ST NE,,20018-3072,,,711110,009400,5
-76.9591908231625,38.8754637104569,301,THE AFRICAN DIASPORA ANCESTRAL COMMEMORATION INSTITUTE,3243 M ST SE,,20019-2930,EURICA HUGGINS AXUM,ADACI,712120,009901,7
-76.9880689599175,38.8801387416265,302,MOVIES ON THE MALL,744 13TH ST SE,,20003-2907,JESSE B RAUCH,,512110,007100,6
-76.9956333571496,38.8975473293706,303,THE ST DAVIDS WELSH-AMERICAN SOCIETY OF WASHINGTON DC,712 F ST NE,,20002-5240,DAVID E JONES,,710000,008302,6
-77.0408959964243,38.8965487910386,304,AMERICAN INSTITUTE OF ARCHITECTURE STUDENTS INC,1735 NEW YORK AVE NW,,20006-5209,,,813920,010800,2
-77.043911487725,38.9405180794053,305,THEATRE DOWNTOWN INC,4018 ARGYLE TER NW,,20011-5301,,,813219,002600,4
-77.0321880559746,38.9801700331374,306,CARLA FURSTENBERG COHEN LITERARY PRIZE INC,1322 HOLLY ST NW,,20012-1508,DAVID COHEN,,710000,001600,4
-77.0100112660891,38.8834228398087,307,CAPITAL CONCERTS INC,499 S CAPITOL ST SW,504,20003-4032,,,711130,010500,6
-77.0375300127346,38.9021914077199,308,GREEN FESTIVALS INC,1612 K ST NW,600,20006-2810,ALISA GRAVITZ CO-OP AMERICA FOUND,,713990,010700,2
-77.0355112080097,38.9065101932939,309,NATIONAL MUSEUM OF CATHOLIC ART AND LIBRARY,1500 MASSACHUSETTS AVE NW,122,20005-1814,,,712110,010100,2
-77.0360822908974,38.9008902461252,310,INSTITUTE FOR ASIAN PACIFIC AMERICAN LEADERSHIP & ADVANCEMENT,815 16TH ST NW,,20006-4101,,,710000,010100,2
-77.054699381208,38.9161745930741,311,CAPITOL HISTORIC TRUST INC,2424 TRACY PL NW,,20008-1627,MARIO LEONEL,, ,004100,2
-77.0462525737052,38.9188177735813,312,FILM ODYSSEY INC,2220 20TH ST NW,6,20009-5006,,,512110,004001,1
-77.0324058187709,38.9174518165584,313,LATINO GLBT HISTORY PROJECT,2000 14TH ST NW,105,20009-4473,JOSE GUTIERREZ,,710000,004300,1
-77.0405963728383,38.9295100505615,314,MANCHESTER STRING QUARTET INC,1748 KENYON ST NW,,20010-2617,,,711130,002702,1
-77.0762983872176,38.9652845391554,315,AVALON THEATRE PROJECT INC,5612 CONNECTICUT AVE NW,,20015-2604,ROBERT ZICH CHAIR,,711100,001100,3
-77.0797363369249,38.9572191321571,316,MUSEUM FOR BLACK INNOVATION & ENTREPRENEURSHIP,3973 HARRISON ST NW,,20015-1937,WILLIAM R WHITMAN,MBIE,712110,001100,3
-77.0835089360835,38.9583726192765,317,PICTURES ON SILENCE,5233 43RD ST NW,,20015-2005,NOAH GETZ,,711130,001100,3
-77.0323252908547,38.9659476127081,318,DAY EIGHT,1366 SHERIDAN ST NW,,20011-1131,ROBERT BETTMANN,,511100,001804,4
-77.0807764246276,38.9516994103449,319,CHILDRENS ART STUDIO,4723 WISCONSIN AVE NW,,20016-4609,,,813219,001100,3
-77.0304651598682,38.8964246889675,320,NATIONAL THEATRE CORPORATION,1321 PENNSYLVANIA AVENUE NW,,20004-1711,,,711100,005800,2
-77.0293366248431,38.8987127421409,321,THE ROYAL AIR FORCE MUSEUM AMERICAN FOUNDATION INC,ONE METRO CENTER,,20005-0000,WILL GILDNER,,813219,005800,2
-77.0212673646362,38.8959568493347,322,THE SOUTH ASIAN PERFORMING ARTS NETWORK AND INSTITUTE,616 E ST NW,446,20004-2282,SEJAL C SHAH,SAPAN INSTITUTE,711100,005800,2
-77.0148568206559,38.8977414970017,323,TOSCANINI NEW SYMPHONY ORCHESTRA,595 1/2 3RD STREET NW,,20001-0000,IVAN BUTINA,,711130,005900,2
-77.0003916387267,38.8888607279903,324,AMERICAN HISTORICAL ASSOCIATION,400 A ST SE,,20003-3807,,,712120,006600,6
-77.0228592459719,38.8928537058368,325,FOUNDATION FOR THE NATIONAL ARCHIVES,700 PENNSYLVANIA AVE NW,G 12,20408-0001,,,813219,006202,2
-77.0259902482823,38.8888161278704,326,SMITHSONIAN INSTITUTION OFFICE OF THE COMPTROLLER,1000 JEFFERSON DR SW,,20560-0008,CASH MANAGEMENT OFFICE CMO,,712110,006202,2
-77.0545580452345,38.8990485255698,327,INTERNATIONAL CHILD ART FOUNDATION,2540 VIRGINIA AVE NW,,20037-1904,,ICAF,813219,005600,2
-77.0227698058347,38.9369417809041,328,THE HOWARD THEATRE PRESERVATION PROJECT,737 ROCK CREEK CHURCH ROAD NW,,20010-1656,TIMOTHY A JONES,,711110,002400,4
-77.0337280408396,38.9580832796321,329,HERITAGE SIGNATURE CHORALE,5614 14TH ST NW,,20011-6804,DANA M ANDERSON,,711130,002001,4
-77.0249457294428,38.9171715965179,330,HUMANITIES COUNCIL OF WASHINGTON DC INC,925 U ST NW,,20001-4019,,,710000,004400,1
-77.0470690418522,38.9183791922437,331,ARTS AMERICA,2101 CONNECTICUT AVE NW,26,20008-1754,ARTS AMERICA,T A ARTS AMERICA,710000,004001,1
-77.0159646822568,38.8984738208691,332,JEWISH HISTORICAL SOCIETY OF GREATER WASHINGTON INC,701 4TH ST NW,200,20001-2788,JONATHAN GROSSMAN,, ,005900,2
-77.0273006815066,38.8981484113339,333,MORALITY IN MEDIA INC,1100 G ST NW,1030,20005-7404,,,813219,005800,2
-77.0473088410153,38.9122214469939,334,INTERNATIONAL ARTS AND ARTISTS INC,9 HILLYER COURT NW,2nd Floor,20008-1930,DAVID FURCHGOTT,,712110,005500,2
-76.9413272669055,38.890970889963,335,AFRICAN AMERICAN MUSIC ASSOCIATION INC,4212 E CAPITOL ST NE,,20019-4407,N SALEEM HYLTON,,710000,009603,7
-77.0343357024248,38.8981504289156,336,TREASURY HISTORICAL ASSOCIATION,1500 PENNSYLVANIA AVE NW,,20220-0001,ROOM 2044 MAIN TREASURY BLDG,, ,006202,2
-77.0864398929297,38.9562256206341,337,POST CLASSICAL ENSEMBLE INC,5104 44TH ST NW,,20016-4039,ANGEL GIL-ORDONEZ,,711130,001001,3
-77.0441885609662,38.9070352128902,338,PUBLIC RADIO SATELLITE INTERCONNECTION SYSTEM CHARITABLE,1920 N ST NW STE,300,20036-1622,HENRY GELLER TRUST,,813219,010700,2
-77.0432059041394,38.9241261050168,339,COMMUNITY HELP IN MUSIC EDUCATION CHIME,1789 LANIER PL NW,3,20009-2136,DOROTHY MARSCHAK,,611610,003900,1
-77.042188119319,38.9045037947549,340,THE FILM COMPANY,1150 18TH ST NW,800,20036-3845,SKDKNICKERBOCKER LLC,,512110,010700,2
-77.006977382074,38.9574257393013,341,AFRICAN AFFAIRS INC,25 LONGFELLOW ST NE,,20011-2441,DR CHARLES C ELEGALAM,,510000,009505,4
-77.0651038146594,38.9033761457942,342,NATIONAL MALL CONSERVANCY,1000 POTOMAC STREET NW,,20007-3501,W KENT COOPER,,712110,000202,2
-76.9959133583932,38.9480374558243,343,DC AREA WRITING PROJECT,733 DECATUR ST NE,,20017-2346,PAULINE BAKER,,710000,009509,5
-77.002769787136,38.889440835285,344,PEN FAULKNER,201 E CAPITOL ST SE,,20003-1004,EMMA SYNDER,,710000,006600,6
-77.0542102655802,38.9049775387053,345,DC JAZZ FESTIVAL,2550 M STREET NW,,20037-1301,,,713990,005500,2
-77.073580849089,38.9087972057869,346,NATIONAL THEATRE WORKSHOP OF THE HANDICAPPED INC,3700 O STREET NW WOLFINGTON HALL,,20057-0001,ROBERT OKULOSKI GIBNEY ANTHONY&FL,,611610,000201,2
-77.0767900021008,38.9387858337876,347,A THOUSAND SUNS FOUNDATION,3860 RODMAN ST NW,A223,20016-2826,KATHERINE LEIKEN,,512110,001002,3
-77.0316626975003,38.9100391487132,348,STUDIO THEATRE INC,1501 14TH ST NW,,20005-3706,,,711110,005001,2
-77.0398354878352,38.9021835277109,349,ROSTROPOVICH ORCHESTRA ENDOWMENT FUND,1700 K ST NW,300,20006-3807,,,813219,010700,2
-77.0511002012994,38.9040269375452,350,WEST END LIBRARY FRIENDS,1101 24TH ST NW,,20037-1430,C/O WEST END LIBRARY,,514120,005500,2
-77.0031576778447,38.8924632252596,351,UNITED STATES CAPITOL HISTORICAL SOCIETY,200 MARYLAND AVE NE,403,20002-5724,,, ,008200,6
-77.0703098685473,38.9134538317878,352,DUKE ELLINGTON SCHOOL OF THE ARTS PROJECT,3500 R STREEET NW,100,20007-2326,MR RORY PULLEMS,,611610,000300,2
-77.0422556832019,38.9167713330899,353,P H BALANCED FILMS,1812 VERNON ST NW,33,20009-1259,PIPER HENDRICKS,,512110,004002,1
-76.9565227799009,38.8960045657421,354,NORTHEAST PERFORMING ARTS GROUP,3431 BENNING RD NE,,20019-1504,,,711100,009604,7
-76.9933570867478,38.8949765947333,355,TELEVISION INTERNET & VIDEO ASSOCIATION OF DC INC,906 D ST NE,,20002-6128,,TIVA-DC,513120,008100,6
-77.0084614874129,38.8848798885903,356,BLINO WHINO SW ARTS CLUB INC,11 D ST SE,,20003-4003,STEVE TANNER,,710000,006500,6
-77.0007789527969,38.8902915265555,357,OPERA LAFAYETTE,10 4TH ST NE,,20002-5930,RYAN C BROWN,,711130,008200,6
-76.9857300642334,38.8807897860112,358,WRITER S WAY INC,713 14TH ST SE,,20003-3014,MALCOLM SHUTE,,710000,006900,6
-77.0182143526555,38.8790274656019,359,SW ARTSFEST,400 I ST SW,,20024-4437,TREASURER,,710000,010200,6
-77.0426735614171,38.9075186236161,360,UNITED STATES SENATE PRESERVATION FOUNDATION INC,1300 CONNECTICUT AVE NW,600,20036-1743,WALTER J STEWART,, ,010700,2
-77.0360366476758,38.9255523007788,361,MEXICAN CULTURAL INSTITUTE,2829 16TH ST NW,,20009-4204,ANTONIO PRADO-NUNEZ,,712110,003700,1
-77.0418954029996,38.9082481310607,362,FOUNDRY GALLERY LTD,1314 18TH STREET NW,,20036-1869,PHELAN MEEK,,710000,010700,2
-77.0411806700609,38.9066304856711,363,DC PRESERVATION LEAGUE,1221 CONNECTICUT AVENUE NW,5A,20036-2608,,, ,010700,2
-77.0164147328343,38.9655951030869,364,ERIKA THIMEY DANCE AND THEATER COMPANY,6218 3RD ST NW,,20011-1312,SALLY CARLSON CROWELL,,711120,001902,4
-77.0228927062157,38.9561702060193,365,NEW SEWELL MUSIC CONSERVATORY INC,712 KENNEDY ST NW,,20011-3032,HARLAN COSBY JONES,,611610,002101,4
-76.9634033363539,38.9261439745585,366,PIN POINTS INC,3110 BERRY RD NE,,20018-1610,,,711110,009000,5
-76.998569041493,38.931325061027,367,DOMINICAN HOUSE OF STUDIES LIBRARY,487 MICHIGAN AVE NE,,20017-1518,SHAUNA ROYE,,514120,009201,5
-76.9958557112069,38.9236522542199,368,WILLIAM E DOAR JR PUBLIC CHARTER SCHOOL FOR THE PERFORMING ARTS,705 EDGEWOOD ST NE,,20017-3341,JULIE S DOAR-SINKFIELD,WEDJ PCS,611610,009204,5
-77.0067082821265,38.9421715899777,369,NEW HOPE SINGERS INTERNATIONAL ASSOCIATION,4301 HAREWOOD RD NE,,20017-1514,MR STEFEN DOUCETTE,,711130,009501,5
-76.9947909831942,38.8744524143935,370,NAVAL HISTORICAL FOUNDATION,1306 DAHLGREN AVE SE,,20374-5109,MICHAEL S DRUMM,,712120,007200,6
-76.9821771914998,38.930297214285,371,YOUNG MASTERS,3205 16TH ST NE,,20018-3811,JULIE THOMPSON,,710000,009301,5
-77.0613103737486,38.9127380531994,372,JACKSON ART CENTER,3048 1/2 R ST NW,,20007-2983,KAREN RUCKMAN,,813219,000100,2
-77.0747170941576,38.9302542395824,373,SIKH CULTURAL SOCIETY OF WASHINGTON D C INC,3801 MASSACHUSETTS AVE NW,,20016-5102,MRS MALDEEP KAUR,,710000,000701,3
-77.0430701046441,38.9066605228681,374,PRO MUSICA HEBRAICA,1225 19TH ST NW,700,20036-2423,CHARLES KRAUTHAMMER,,711130,010700,2
-77.0704635586689,38.9608253308329,375,MEDIA ACCESS PROJECT,3624 MILITARY RD NW,,20015-1724,ANDREW JAY SCHWARTZMAN,,510000,001402,3
-77.0203455586884,38.903776270644,376,CAPITAL FRINGE INC,607 NEW YORK AVE NW,,20001-3626,,,813219,004802,6
-76.9940002894261,38.8980200158785,377,HOLY CROSS PRAYER BAND SPIRITUAL CHURCH INC,622 9TH ST NE,,20002-5312,ETHEL ROLLINS,HOLY CROSS PBS CHURCH,711130,008402,6
-76.9997388789413,38.9261199762463,378,WASHINGTON WRITERS PUBLISHING HOUSE INC,2814 5TH ST NE,,20017-1301,ELIZABETH BRUCE,,511100,009201,5
-77.0724201724496,38.9294791688223,379,SINGING A-Z,3001 WISCONSIN AVE NW,,20016-5069,ST ALBANS EPISCOPAL CHURCH,,711130,000400,3
-77.077805991144,38.9435719895861,380,URBAN NATION INC,4200 WISCONSIN AVE NW,106 255,20016-2143,RICKY PAYTON SR,,711100,001002,3
-77.0349227390632,38.9224889088633,381,WASHINGTON CONCERT OPERA,2437 15TH ST NW,,20009-4101,,,711130,003700,1
-77.0328465907587,38.9035550620721,382,NATIONAL ASSEMBLY OF STATE ARTS AGENCIES,1029 VERMONT AVE NW,2,20005-3530,,,813920,010100,2
-77.0291081431682,38.8995676928653,383,NATIONAL CHERRY BLOSSOM FESTIVAL COMMITTEE INC,1250 H ST NW,1000,20005-3952,DIANE MAYHEW,,712120,005800,2
-77.0391630560538,38.9060149181494,384,AMERICAN PROSPECT INC,1710 RHODE ISLAND AVENUE NW,12th Floor,20036-3128,,,511100,010700,2
-77.0368814769905,38.9143482892365,385,SPOOKY ACTION THEATER COMPANY,1810 16TH ST NW,,20009-3304,,,711110,004201,2
-77.037898166047,38.9029302443855,386,WASHINGTON AREA LAWYERS FOR THE ART,1629 K ST NW,300,20006-1631,,,710000,010700,2
-77.0350301194191,38.9053913211368,387,FOUNDTN OF AMER INST FOR CNSRVTN OF HISTORIC & ATRISTIC WORKS INC,1156 15TH ST NW,320,20005-1714,ERYL WENTWORTH,,813219,010100,2
-77.0326028255552,38.9064788813209,388,WASHINGTON SINFONIETTA,5 THOMAS CIRCLE NW,13,20005-4104,MARCUS JORDAN,,711130,005201,2
-77.0403523743602,38.90351523583,389,NAVAL HISTORY & HERITAGE FOUNDATION,1050 CONNECTICUT AVE NW,10th Floor,20036-0000,,,813219,010700,2
-77.0755408509689,38.9623296027608,390,ST PETERSBURG CONSERVANCY,3813 LEGATION ST NW,,20015-2701,,,712110,001100,3
-77.084089425842,38.9583891387578,391,THE LONIOUS MONK INSTITUTE OF JAZZ,5225 WISCONSIN AVE NW,,20015-0000,,,711130,001100,3
-77.0651038146594,38.9033761457942,392,VIDEO ACTION INC,1000 POTOMAC ST NW,202,20007-3546,ROBIN SMITH,,512110,000202,2
-77.0472004906419,38.8999021195183,393,RORSCHACH THEATRE,800 21ST ST NW,,20052-0028,JENNIFER FREDERICK,,711110,010800,2
-77.0228927062157,38.9561702060193,394,YOUNG WOMENS DRUMMING EMPOWERMENT PROJECT INC,712 KENNEDY ST NW,,20011-3032,KRISTEN ARANT,,711130,002101,4
-77.038993789894,38.9011317255116,395,MILLENNIUM INSTITUTE,1634 EYE STREET NW,300,20006-0000,,,511100,010700,2
-77.008608941939,38.9043128214337,396,NPR FOUNDATION,1111 N CAPITOL ST NE,,20002-7502,,,813219,010600,6
-77.0067082821265,38.9421715899777,397,UNIVERSAL BALLET FOUNDATION,4301 HAREWOOD RD NE,,20017-1514,,DBA KIROV ACDY OF BALLET WA DC,611610,009501,5
-77.0214487530495,38.8949876959578,398,WOOLLY MAMMOTH THEATRE CO,641 D ST NW,,20004-2904,,,711110,005800,2
-77.0226972486233,38.8992414803297,399,THEATRE LAB,733 8TH ST NW,,20001-3721,,,711130,005800,2
-77.0237397973536,38.9243413946632,400,INTERNATIONAL CAPOEIRA ANGOLA FOUNDATION,733 EUCLID ST NW,,20001-2211,,,710000,003500,1
-77.0237397973536,38.9243413946632,401,PERFORMING ARTS TRAINING STUDIO,733 EUCLID ST NW,2nd Floor,20001-2211,MS DENISE J HART,,711100,003500,1
-77.056519927326,38.9430375068189,402,THE WASHINGTON CHORUS INC,2801 UPTON ST NW,,20008-3829,,,611610,001302,3
-77.056519927326,38.9430375068189,403,WASHINGTON AREA MUSIC ASSOCIATION INC,2801 UPTON ST NW,,20008-3829,,,611610,001302,3
-77.0357501267314,38.9334872704594,404,WASHINGTON STORYTELLERS THEATRE,1525 NEWTON ST NW,,20010-3103,SAIDMAN FINANCIAL SERVICES,SPEAKEASYDC,711110,002801,1
-77.0357501267314,38.9334872704594,405,WORDS BEATS AND LIFE INC,1525 NEWTON ST NW,,20010-3103,MAZI A BELCHER,,711110,002801,1
-77.0315860201341,38.9152106774337,406,THE IN SERIES INC,1835 14TH ST NW,,20009-4425,,,711100,004400,1
-77.0315860201341,38.9152106774337,407,WASHINGTON IMPROVISATIONAL THEATER CO,1835 14TH ST NW,,20009-4425,,W I T,711110,004400,1
-77.0361782175509,38.904071067309,408,DANCE HERITAGE COALITION INC,1111 16TH ST NW,300,20036-4830,,,711130,010100,2
-77.0361782175509,38.904071067309,409,DANCE USA,1111 16TH ST NW,300,20036-4830,,,813920,010100,2
-77.0236459182447,38.8954553466453,410,LITERARY CLASSICS INC,401 9TH ST NW,200,20004-2129,,,510000,005800,2
-77.0236459182447,38.8954553466453,411,NATIONAL RECORDING PRESERVATION FOUNDATION,401 9TH ST NW,900,20004-2145,NIXON PEABODY LLP,, ,005800,2
-77.0175535196713,38.8977625627772,412,UNITED STATES NATIONAL COMM FOR THE INTL COUNCIL ON MONUMENTS & SITES,401 F ST NW,331,20001-2632,,US ICOMOS,712110,005900,2
-77.0175535196713,38.8977625627772,413,WASHINGTON DC NATIONAL MEMORIAL FOUNDATION INC,401 F STREET NW,,20001-2637,RICHARD W MARSHALL,,712110,005900,2
-77.0249121045254,38.8981244424115,414,CULTURAL DEVELOPMENT CORPORATION OF THE DISTRICT OF COLUMBIA,916 G STREET NW,,20001-4571,DOWNTOWN DC BUSINESS IMPROVEMENT,,711110,005800,2
-77.0249121045254,38.8981244424115,415,SOLAS NUA INC,916 G STREET NW,,20001-4571,DAN BRICK,,711110,005800,2
-77.0388286541894,38.9033707176814,416,FOTODC INC,"1050 17th Street, NW",560,20036-0000,,,710000,010700,2
-77.0388286541894,38.9033707176814,417,SCENA THEATRE,1050 17TH STREET NW,,20036-5503,ROBERT MCNAMARA,,711110,010700,2
-77.0408189201948,38.8996267959021,418,JEWELRY MAKING COUNCIL OF AMERICA INC,1747 PENNSYLVANIA AVE NW,1000,20006-4636,DAVID P GOCH,,813219,010700,2
-77.0408189201948,38.8996267959021,419,PUBLIC MEDIA LAB,1747 PENNSYLVANIA AVE NW,1000,20006-4636,JOHN R STROUT,,813219,010700,2
-77.0554969086582,38.8996515535527,420,NATIONAL TRUST FOR HISTORIC PRESERVATION IN THE UNITED STATES,2600 VIRGINIA AVENUE NW,,20037-1922,MR SAM KILPATRICK,, ,005600,2
-77.0554969086582,38.8996515535527,421,VIETNAM VETERANS MEMORIAL FUND INC,2600 VIRGINIA AVE NW,104,20037-1922,,,712120,005600,2
-77.0408035871781,38.906094891353,422,EDUCATION SECTOR INC,1201 Connecticut Ave NW,850,20036-0000,,,813219,010700,2
-77.0408035871781,38.906094891353,423,FREEDOM BROADCASTING FOUNDATION INC,1201 CONNECTICUT AVE NW,400,20036-2646,MICHAEL MARCHETTI,,813219,010700,2
-77.0003916387267,38.8888607279903,424,NATIONAL COALITION FOR HISTORY,400 A ST SE,,20003-3807,LELAND WHITE,,712120,006600,6
-77.0003916387267,38.8888607279903,425,NATIONAL HISTORY CENTER INC,400 A ST SE,,20003-3807,MIRIAM HAUSS CUNNINGHAM,,712120,006600,6
-77.0557184462483,38.8959192822561,426,NATIONAL SYMPHONY ORCHESTRA ASSOCIATION OF WASHINGTON D C,2700 F ST NW,,20566-0001,,,711130,006202,2
-77.0557184462483,38.8959192822561,427,VSA ARTS INC,2700 F ST NW,,20566-0001,,,611610,006202,2
-77.0557184462483,38.8959192822561,428,WASHINGTON NATIONAL OPERA,2700 F ST NW,,20566-0002,,,711130,006202,2
-76.987219242043,38.8999803210818,429,CAPITAL CITY SYMPHONY,1333 H ST NE,,20002-4446,ATLAS PERFORMING ARTS CENTER,,711100,008402,6
-76.987219242043,38.8999803210818,430,CONGRESSIONAL CHORUS,1333 H ST NE,,20002-4446,,U S SENATE,711100,008402,6
-76.987219242043,38.8999803210818,431,JOY OF MOTION DANCE CENTER INC,1333 H ST NE,,20002-4446,,,711100,008402,6
-76.987219242043,38.8999803210818,432,STEP AFRIKA U S A INCORPORATED,1333 H ST NE,,20002-4446,CLAUDE ELLIOTT,,711100,008402,6
-77.0364911689519,38.9262801219315,433,DISTRICT OF COLUMBIA MUSIC CENTER,16TH ST NW AND HARVARD ST NW,,20009-0000,ALL SOULS CHURCH UNITARTIAN,,711130,003700,1
-77.071611510121,38.9076842758583,434,SHAKESPEARE ASSOCIATION OF AMERICA,37TH ST NW AND O STREET NW,,20057-0001,,,813920,000201,2
